案件コード,掲載フラグ,ジャンル,案件名,店名カナ,都道府県,市区町村,番地,建物名・部屋番号,最寄り駅1 駅名,最寄り駅1 手段,最寄り駅1 時間（分）,最寄り駅2 駅名,最寄り駅2 手段,最寄り駅2 時間（分）,最寄り駅3 駅名,最寄り駅3 手段,最寄り駅3 時間（分）,電話番号,応募電話 受付先,応募電話 受付日,応募電話 受付時間（開始）,応募電話 受付時間（終了）,FAX番号,FAX通知,面接場所タイプ,面接場所,店番号,キャッチコピー,PR文章,勤務時間（開始）,勤務時間（終了）,シフト制,最低勤務時間,最低勤務日数,勤務時間自由記入,定休日,スタッフコメント,メイン写真 ファイル名,メイン写真 コメント,写真1 ファイル名,写真1 コメント,写真2 ファイル名,写真2 コメント,写真3 ファイル名,写真3 コメント,ロゴ写真 ファイル名,スタッフ写真 ファイル名,応募後のプロセス,仕事内容,給与タイプ,給与,給与タイプ2,深夜時給フラグ,深夜時給タイプ,深夜時給,深夜時給タイプ2,深夜時給時間（開始）,深夜時給時間（終了）,研修時給フラグ,研修時給,研修時給タイプ,研修期間フラグ,研修期間タイプ,研修期間,研修期間タイプ2,高校生時給フラグ,高校生時給,高校生時給タイプ,高校生研修時給フラグ,高校生研修時給,高校生研修時給タイプ,高校生研修期間フラグ,高校生研修期間タイプ,高校生研修期間,高校生研修期間タイプ2,給与自由記入,応募資格 自由記入1,応募資格 自由記入2,応募資格 自由記入3,待遇 自由記入1,待遇 自由記入2,待遇 自由記入3,交通費 自由記入,高校生,大学生,未経験,土日祝のみ勤務,茶髪,ピアス,ネイル,フリーター,寮・社宅,制服貸与,日払い・週払い,各種手当,車通勤,昇給,社員登用,交通費,住所詳細表示フラグ,駅自由記入,職種名
hanajima1,1,12,ハナジマでんき1号店,,東京都,江戸川区,,,,,,,,,,,,090-3091-8740,2,月火水木金土日祝,9:00,22:00,,0,3,東京都江戸川区平井4-24-4,,★【第二種電気工事士免許をお持ちの方限定】地元で愛されるでんき屋さんでのお仕事です♪,"●シフトはどんどん相談してください！
行事や家族旅行など、気軽に相談してください☆
プライベートはしっかり充実させます♪

●通勤楽々のお店です☆
駅からすぐなので通勤も楽々♪
にぎわいのある場所なので歩いているだけで楽しい気分♪
バイト前後にお買い物やお食事も楽しめます◎

●仕事以外でも仲良し
気の合うスタッフ同士で遊びに行ったり、お仕事終わりに飲み会をすることも♪
楽しみながら働いて、プライベートも充実！

もちろんお問い合わせだけでも大歓迎です！
工事経験の有無に関わらず積極的にお話を聞きます！
きっと素敵な経験になりますよ♪",7:00,8:00,1,0,1,,,,large.png,応募待ってます！,,,,,,,,,"ネット応募の場合は、こちらから電話もしくはメールでご連絡させていただきます。
お返事にお時間がかかる場合がありますのでご了承下さい。","販売全般のお仕事をお願いします。
工事もお願いいたします。
応募資格：第二種電気工事士免許をお持ちの方
接客が好きな方、歓迎します！",2,10000,0,0,,,,,,0,,,,,,,0,,,0,,,,,,,,,,,,,,,1,1,0,0,0,0,2,3,0,1,0,1,1,1,1,0,1,平井駅 徒歩6分,販売
hanajima2,1,12,ハナジマでんき2号店,,東京都,江戸川区,,,,,,,,,,,,090-3091-8740,2,月火水木金土日祝,9:00,22:00,,0,3,東京都江戸川区平井4-24-4,,★【第二種電気工事士免許をお持ちの方限定】地元で愛されるでんき屋さんでのお仕事です♪,"●シフトはどんどん相談してください！
行事や家族旅行など、気軽に相談してください☆
プライベートはしっかり充実させます♪

●通勤楽々のお店です☆
駅からすぐなので通勤も楽々♪
にぎわいのある場所なので歩いているだけで楽しい気分♪
バイト前後にお買い物やお食事も楽しめます◎

●仕事以外でも仲良し
気の合うスタッフ同士で遊びに行ったり、お仕事終わりに飲み会をすることも♪
楽しみながら働いて、プライベートも充実！

もちろんお問い合わせだけでも大歓迎です！
工事経験の有無に関わらず積極的にお話を聞きます！
きっと素敵な経験になりますよ♪",7:00,8:00,1,0,1,,,,large.png,応募待ってます！,,,,,,,,,"ネット応募の場合は、こちらから電話もしくはメールでご連絡させていただきます。
お返事にお時間がかかる場合がありますのでご了承下さい。","販売全般のお仕事をお願いします。
工事もお願いいたします。
応募資格：第二種電気工事士免許をお持ちの方
接客が好きな方、歓迎します！",2,10000,0,0,,,,,,0,,,,,,,0,,,0,,,,,,,,,,,,,,,1,1,0,0,0,0,2,3,0,1,0,1,1,1,1,0,1,平井駅 徒歩6分,販売
hanajima3,1,12,ハナジマでんき3号店,,東京都,江戸川区,,,,,,,,,,,,090-3091-8740,2,月火水木金土日祝,9:00,22:00,,0,3,東京都江戸川区平井4-24-4,,★【第二種電気工事士免許をお持ちの方限定】地元で愛されるでんき屋さんでのお仕事です♪,"●シフトはどんどん相談してください！
行事や家族旅行など、気軽に相談してください☆
プライベートはしっかり充実させます♪

●通勤楽々のお店です☆
駅からすぐなので通勤も楽々♪
にぎわいのある場所なので歩いているだけで楽しい気分♪
バイト前後にお買い物やお食事も楽しめます◎

●仕事以外でも仲良し
気の合うスタッフ同士で遊びに行ったり、お仕事終わりに飲み会をすることも♪
楽しみながら働いて、プライベートも充実！

もちろんお問い合わせだけでも大歓迎です！
工事経験の有無に関わらず積極的にお話を聞きます！
きっと素敵な経験になりますよ♪",7:00,8:00,1,0,1,,,,large.png,応募待ってます！,,,,,,,,,"ネット応募の場合は、こちらから電話もしくはメールでご連絡させていただきます。
お返事にお時間がかかる場合がありますのでご了承下さい。","販売全般のお仕事をお願いします。
工事もお願いいたします。
応募資格：第二種電気工事士免許をお持ちの方
接客が好きな方、歓迎します！",2,10000,0,0,,,,,,0,,,,,,,0,,,0,,,,,,,,,,,,,,,1,1,0,0,0,0,2,3,0,1,0,1,1,1,1,0,1,平井駅 徒歩6分,販売
hanajima4,1,12,ハナジマでんき4号店,,東京都,江戸川区,,,,,,,,,,,,090-3091-8740,2,月火水木金土日祝,9:00,22:00,,0,3,東京都江戸川区平井4-24-4,,★【第二種電気工事士免許をお持ちの方限定】地元で愛されるでんき屋さんでのお仕事です♪,"●シフトはどんどん相談してください！
行事や家族旅行など、気軽に相談してください☆
プライベートはしっかり充実させます♪

●通勤楽々のお店です☆
駅からすぐなので通勤も楽々♪
にぎわいのある場所なので歩いているだけで楽しい気分♪
バイト前後にお買い物やお食事も楽しめます◎

●仕事以外でも仲良し
気の合うスタッフ同士で遊びに行ったり、お仕事終わりに飲み会をすることも♪
楽しみながら働いて、プライベートも充実！

もちろんお問い合わせだけでも大歓迎です！
工事経験の有無に関わらず積極的にお話を聞きます！
きっと素敵な経験になりますよ♪",7:00,8:00,1,0,1,,,,large.png,応募待ってます！,,,,,,,,,"ネット応募の場合は、こちらから電話もしくはメールでご連絡させていただきます。
お返事にお時間がかかる場合がありますのでご了承下さい。","販売全般のお仕事をお願いします。
工事もお願いいたします。
応募資格：第二種電気工事士免許をお持ちの方
接客が好きな方、歓迎します！",2,10000,0,0,,,,,,0,,,,,,,0,,,0,,,,,,,,,,,,,,,1,1,0,0,0,0,2,3,0,1,0,1,1,1,1,0,1,平井駅 徒歩6分,販売
hanajima5,1,12,ハナジマでんき5号店,,東京都,江戸川区,,,,,,,,,,,,090-3091-8740,2,月火水木金土日祝,9:00,22:00,,0,3,東京都江戸川区平井4-24-4,,★【第二種電気工事士免許をお持ちの方限定】地元で愛されるでんき屋さんでのお仕事です♪,"●シフトはどんどん相談してください！
行事や家族旅行など、気軽に相談してください☆
プライベートはしっかり充実させます♪

●通勤楽々のお店です☆
駅からすぐなので通勤も楽々♪
にぎわいのある場所なので歩いているだけで楽しい気分♪
バイト前後にお買い物やお食事も楽しめます◎

●仕事以外でも仲良し
気の合うスタッフ同士で遊びに行ったり、お仕事終わりに飲み会をすることも♪
楽しみながら働いて、プライベートも充実！

もちろんお問い合わせだけでも大歓迎です！
工事経験の有無に関わらず積極的にお話を聞きます！
きっと素敵な経験になりますよ♪",7:00,8:00,1,0,1,,,,large.png,応募待ってます！,,,,,,,,,"ネット応募の場合は、こちらから電話もしくはメールでご連絡させていただきます。
お返事にお時間がかかる場合がありますのでご了承下さい。","販売全般のお仕事をお願いします。
工事もお願いいたします。
応募資格：第二種電気工事士免許をお持ちの方
接客が好きな方、歓迎します！",2,10000,0,0,,,,,,0,,,,,,,0,,,0,,,,,,,,,,,,,,,1,1,0,0,0,0,2,3,0,1,0,1,1,1,1,0,1,平井駅 徒歩6分,販売
hanajima6,1,12,ハナジマでんき6号店,,東京都,江戸川区,,,,,,,,,,,,090-3091-8740,2,月火水木金土日祝,9:00,22:00,,0,3,東京都江戸川区平井4-24-4,,★【第二種電気工事士免許をお持ちの方限定】地元で愛されるでんき屋さんでのお仕事です♪,"●シフトはどんどん相談してください！
行事や家族旅行など、気軽に相談してください☆
プライベートはしっかり充実させます♪

●通勤楽々のお店です☆
駅からすぐなので通勤も楽々♪
にぎわいのある場所なので歩いているだけで楽しい気分♪
バイト前後にお買い物やお食事も楽しめます◎

●仕事以外でも仲良し
気の合うスタッフ同士で遊びに行ったり、お仕事終わりに飲み会をすることも♪
楽しみながら働いて、プライベートも充実！

もちろんお問い合わせだけでも大歓迎です！
工事経験の有無に関わらず積極的にお話を聞きます！
きっと素敵な経験になりますよ♪",7:00,8:00,1,0,1,,,,large.png,応募待ってます！,,,,,,,,,"ネット応募の場合は、こちらから電話もしくはメールでご連絡させていただきます。
お返事にお時間がかかる場合がありますのでご了承下さい。","販売全般のお仕事をお願いします。
工事もお願いいたします。
応募資格：第二種電気工事士免許をお持ちの方
接客が好きな方、歓迎します！",2,10000,0,0,,,,,,0,,,,,,,0,,,0,,,,,,,,,,,,,,,1,1,0,0,0,0,2,3,0,1,0,1,1,1,1,0,1,平井駅 徒歩6分,販売
hanajima7,1,12,ハナジマでんき7号店,,東京都,江戸川区,,,,,,,,,,,,090-3091-8740,2,月火水木金土日祝,9:00,22:00,,0,3,東京都江戸川区平井4-24-4,,★【第二種電気工事士免許をお持ちの方限定】地元で愛されるでんき屋さんでのお仕事です♪,"●シフトはどんどん相談してください！
行事や家族旅行など、気軽に相談してください☆
プライベートはしっかり充実させます♪

●通勤楽々のお店です☆
駅からすぐなので通勤も楽々♪
にぎわいのある場所なので歩いているだけで楽しい気分♪
バイト前後にお買い物やお食事も楽しめます◎

●仕事以外でも仲良し
気の合うスタッフ同士で遊びに行ったり、お仕事終わりに飲み会をすることも♪
楽しみながら働いて、プライベートも充実！

もちろんお問い合わせだけでも大歓迎です！
工事経験の有無に関わらず積極的にお話を聞きます！
きっと素敵な経験になりますよ♪",7:00,8:00,1,0,1,,,,large.png,応募待ってます！,,,,,,,,,"ネット応募の場合は、こちらから電話もしくはメールでご連絡させていただきます。
お返事にお時間がかかる場合がありますのでご了承下さい。","販売全般のお仕事をお願いします。
工事もお願いいたします。
応募資格：第二種電気工事士免許をお持ちの方
接客が好きな方、歓迎します！",2,10000,0,0,,,,,,0,,,,,,,0,,,0,,,,,,,,,,,,,,,1,1,0,0,0,0,2,3,0,1,0,1,1,1,1,0,1,平井駅 徒歩6分,販売
hanajima8,1,12,ハナジマでんき8号店,,東京都,江戸川区,,,,,,,,,,,,090-3091-8740,2,月火水木金土日祝,9:00,22:00,,0,3,東京都江戸川区平井4-24-4,,★【第二種電気工事士免許をお持ちの方限定】地元で愛されるでんき屋さんでのお仕事です♪,"●シフトはどんどん相談してください！
行事や家族旅行など、気軽に相談してください☆
プライベートはしっかり充実させます♪

●通勤楽々のお店です☆
駅からすぐなので通勤も楽々♪
にぎわいのある場所なので歩いているだけで楽しい気分♪
バイト前後にお買い物やお食事も楽しめます◎

●仕事以外でも仲良し
気の合うスタッフ同士で遊びに行ったり、お仕事終わりに飲み会をすることも♪
楽しみながら働いて、プライベートも充実！

もちろんお問い合わせだけでも大歓迎です！
工事経験の有無に関わらず積極的にお話を聞きます！
きっと素敵な経験になりますよ♪",7:00,8:00,1,0,1,,,,large.png,応募待ってます！,,,,,,,,,"ネット応募の場合は、こちらから電話もしくはメールでご連絡させていただきます。
お返事にお時間がかかる場合がありますのでご了承下さい。","販売全般のお仕事をお願いします。
工事もお願いいたします。
応募資格：第二種電気工事士免許をお持ちの方
接客が好きな方、歓迎します！",2,10000,0,0,,,,,,0,,,,,,,0,,,0,,,,,,,,,,,,,,,1,1,0,0,0,0,2,3,0,1,0,1,1,1,1,0,1,平井駅 徒歩6分,販売
hanajima9,1,12,ハナジマでんき9号店,,東京都,江戸川区,,,,,,,,,,,,090-3091-8740,2,月火水木金土日祝,9:00,22:00,,0,3,東京都江戸川区平井4-24-4,,★【第二種電気工事士免許をお持ちの方限定】地元で愛されるでんき屋さんでのお仕事です♪,"●シフトはどんどん相談してください！
行事や家族旅行など、気軽に相談してください☆
プライベートはしっかり充実させます♪

●通勤楽々のお店です☆
駅からすぐなので通勤も楽々♪
にぎわいのある場所なので歩いているだけで楽しい気分♪
バイト前後にお買い物やお食事も楽しめます◎

●仕事以外でも仲良し
気の合うスタッフ同士で遊びに行ったり、お仕事終わりに飲み会をすることも♪
楽しみながら働いて、プライベートも充実！

もちろんお問い合わせだけでも大歓迎です！
工事経験の有無に関わらず積極的にお話を聞きます！
きっと素敵な経験になりますよ♪",7:00,8:00,1,0,1,,,,large.png,応募待ってます！,,,,,,,,,"ネット応募の場合は、こちらから電話もしくはメールでご連絡させていただきます。
お返事にお時間がかかる場合がありますのでご了承下さい。","販売全般のお仕事をお願いします。
工事もお願いいたします。
応募資格：第二種電気工事士免許をお持ちの方
接客が好きな方、歓迎します！",2,10000,0,0,,,,,,0,,,,,,,0,,,0,,,,,,,,,,,,,,,1,1,0,0,0,0,2,3,0,1,0,1,1,1,1,0,1,平井駅 徒歩6分,販売
hanajima10,1,12,ハナジマでんき10号店,,東京都,江戸川区,,,,,,,,,,,,090-3091-8740,2,月火水木金土日祝,9:00,22:00,,0,3,東京都江戸川区平井4-24-4,,★【第二種電気工事士免許をお持ちの方限定】地元で愛されるでんき屋さんでのお仕事です♪,"●シフトはどんどん相談してください！
行事や家族旅行など、気軽に相談してください☆
プライベートはしっかり充実させます♪

●通勤楽々のお店です☆
駅からすぐなので通勤も楽々♪
にぎわいのある場所なので歩いているだけで楽しい気分♪
バイト前後にお買い物やお食事も楽しめます◎

●仕事以外でも仲良し
気の合うスタッフ同士で遊びに行ったり、お仕事終わりに飲み会をすることも♪
楽しみながら働いて、プライベートも充実！

もちろんお問い合わせだけでも大歓迎です！
工事経験の有無に関わらず積極的にお話を聞きます！
きっと素敵な経験になりますよ♪",7:00,8:00,1,0,1,,,,large.png,応募待ってます！,,,,,,,,,"ネット応募の場合は、こちらから電話もしくはメールでご連絡させていただきます。
お返事にお時間がかかる場合がありますのでご了承下さい。","販売全般のお仕事をお願いします。
工事もお願いいたします。
応募資格：第二種電気工事士免許をお持ちの方
接客が好きな方、歓迎します！",2,10000,0,0,,,,,,0,,,,,,,0,,,0,,,,,,,,,,,,,,,1,1,0,0,0,0,2,3,0,1,0,1,1,1,1,0,1,平井駅 徒歩6分,販売
hanajima11,1,12,ハナジマでんき11号店,,東京都,江戸川区,,,,,,,,,,,,090-3091-8740,2,月火水木金土日祝,9:00,22:00,,0,3,東京都江戸川区平井4-24-4,,★【第二種電気工事士免許をお持ちの方限定】地元で愛されるでんき屋さんでのお仕事です♪,"●シフトはどんどん相談してください！
行事や家族旅行など、気軽に相談してください☆
プライベートはしっかり充実させます♪

●通勤楽々のお店です☆
駅からすぐなので通勤も楽々♪
にぎわいのある場所なので歩いているだけで楽しい気分♪
バイト前後にお買い物やお食事も楽しめます◎

●仕事以外でも仲良し
気の合うスタッフ同士で遊びに行ったり、お仕事終わりに飲み会をすることも♪
楽しみながら働いて、プライベートも充実！

もちろんお問い合わせだけでも大歓迎です！
工事経験の有無に関わらず積極的にお話を聞きます！
きっと素敵な経験になりますよ♪",7:00,8:00,1,0,1,,,,large.png,応募待ってます！,,,,,,,,,"ネット応募の場合は、こちらから電話もしくはメールでご連絡させていただきます。
お返事にお時間がかかる場合がありますのでご了承下さい。","販売全般のお仕事をお願いします。
工事もお願いいたします。
応募資格：第二種電気工事士免許をお持ちの方
接客が好きな方、歓迎します！",2,10000,0,0,,,,,,0,,,,,,,0,,,0,,,,,,,,,,,,,,,1,1,0,0,0,0,2,3,0,1,0,1,1,1,1,0,1,平井駅 徒歩6分,販売
hanajima12,1,12,ハナジマでんき12号店,,東京都,江戸川区,,,,,,,,,,,,090-3091-8740,2,月火水木金土日祝,9:00,22:00,,0,3,東京都江戸川区平井4-24-4,,★【第二種電気工事士免許をお持ちの方限定】地元で愛されるでんき屋さんでのお仕事です♪,"●シフトはどんどん相談してください！
行事や家族旅行など、気軽に相談してください☆
プライベートはしっかり充実させます♪

●通勤楽々のお店です☆
駅からすぐなので通勤も楽々♪
にぎわいのある場所なので歩いているだけで楽しい気分♪
バイト前後にお買い物やお食事も楽しめます◎

●仕事以外でも仲良し
気の合うスタッフ同士で遊びに行ったり、お仕事終わりに飲み会をすることも♪
楽しみながら働いて、プライベートも充実！

もちろんお問い合わせだけでも大歓迎です！
工事経験の有無に関わらず積極的にお話を聞きます！
きっと素敵な経験になりますよ♪",7:00,8:00,1,0,1,,,,large.png,応募待ってます！,,,,,,,,,"ネット応募の場合は、こちらから電話もしくはメールでご連絡させていただきます。
お返事にお時間がかかる場合がありますのでご了承下さい。","販売全般のお仕事をお願いします。
工事もお願いいたします。
応募資格：第二種電気工事士免許をお持ちの方
接客が好きな方、歓迎します！",2,10000,0,0,,,,,,0,,,,,,,0,,,0,,,,,,,,,,,,,,,1,1,0,0,0,0,2,3,0,1,0,1,1,1,1,0,1,平井駅 徒歩6分,販売
hanajima13,1,12,ハナジマでんき13号店,,東京都,江戸川区,,,,,,,,,,,,090-3091-8740,2,月火水木金土日祝,9:00,22:00,,0,3,東京都江戸川区平井4-24-4,,★【第二種電気工事士免許をお持ちの方限定】地元で愛されるでんき屋さんでのお仕事です♪,"●シフトはどんどん相談してください！
行事や家族旅行など、気軽に相談してください☆
プライベートはしっかり充実させます♪

●通勤楽々のお店です☆
駅からすぐなので通勤も楽々♪
にぎわいのある場所なので歩いているだけで楽しい気分♪
バイト前後にお買い物やお食事も楽しめます◎

●仕事以外でも仲良し
気の合うスタッフ同士で遊びに行ったり、お仕事終わりに飲み会をすることも♪
楽しみながら働いて、プライベートも充実！

もちろんお問い合わせだけでも大歓迎です！
工事経験の有無に関わらず積極的にお話を聞きます！
きっと素敵な経験になりますよ♪",7:00,8:00,1,0,1,,,,large.png,応募待ってます！,,,,,,,,,"ネット応募の場合は、こちらから電話もしくはメールでご連絡させていただきます。
お返事にお時間がかかる場合がありますのでご了承下さい。","販売全般のお仕事をお願いします。
工事もお願いいたします。
応募資格：第二種電気工事士免許をお持ちの方
接客が好きな方、歓迎します！",2,10000,0,0,,,,,,0,,,,,,,0,,,0,,,,,,,,,,,,,,,1,1,0,0,0,0,2,3,0,1,0,1,1,1,1,0,1,平井駅 徒歩6分,販売
hanajima14,1,12,ハナジマでんき14号店,,東京都,江戸川区,,,,,,,,,,,,090-3091-8740,2,月火水木金土日祝,9:00,22:00,,0,3,東京都江戸川区平井4-24-4,,★【第二種電気工事士免許をお持ちの方限定】地元で愛されるでんき屋さんでのお仕事です♪,"●シフトはどんどん相談してください！
行事や家族旅行など、気軽に相談してください☆
プライベートはしっかり充実させます♪

●通勤楽々のお店です☆
駅からすぐなので通勤も楽々♪
にぎわいのある場所なので歩いているだけで楽しい気分♪
バイト前後にお買い物やお食事も楽しめます◎

●仕事以外でも仲良し
気の合うスタッフ同士で遊びに行ったり、お仕事終わりに飲み会をすることも♪
楽しみながら働いて、プライベートも充実！

もちろんお問い合わせだけでも大歓迎です！
工事経験の有無に関わらず積極的にお話を聞きます！
きっと素敵な経験になりますよ♪",7:00,8:00,1,0,1,,,,large.png,応募待ってます！,,,,,,,,,"ネット応募の場合は、こちらから電話もしくはメールでご連絡させていただきます。
お返事にお時間がかかる場合がありますのでご了承下さい。","販売全般のお仕事をお願いします。
工事もお願いいたします。
応募資格：第二種電気工事士免許をお持ちの方
接客が好きな方、歓迎します！",2,10000,0,0,,,,,,0,,,,,,,0,,,0,,,,,,,,,,,,,,,1,1,0,0,0,0,2,3,0,1,0,1,1,1,1,0,1,平井駅 徒歩6分,販売
hanajima15,1,12,ハナジマでんき15号店,,東京都,江戸川区,,,,,,,,,,,,090-3091-8740,2,月火水木金土日祝,9:00,22:00,,0,3,東京都江戸川区平井4-24-4,,★【第二種電気工事士免許をお持ちの方限定】地元で愛されるでんき屋さんでのお仕事です♪,"●シフトはどんどん相談してください！
行事や家族旅行など、気軽に相談してください☆
プライベートはしっかり充実させます♪

●通勤楽々のお店です☆
駅からすぐなので通勤も楽々♪
にぎわいのある場所なので歩いているだけで楽しい気分♪
バイト前後にお買い物やお食事も楽しめます◎

●仕事以外でも仲良し
気の合うスタッフ同士で遊びに行ったり、お仕事終わりに飲み会をすることも♪
楽しみながら働いて、プライベートも充実！

もちろんお問い合わせだけでも大歓迎です！
工事経験の有無に関わらず積極的にお話を聞きます！
きっと素敵な経験になりますよ♪",7:00,8:00,1,0,1,,,,large.png,応募待ってます！,,,,,,,,,"ネット応募の場合は、こちらから電話もしくはメールでご連絡させていただきます。
お返事にお時間がかかる場合がありますのでご了承下さい。","販売全般のお仕事をお願いします。
工事もお願いいたします。
応募資格：第二種電気工事士免許をお持ちの方
接客が好きな方、歓迎します！",2,10000,0,0,,,,,,0,,,,,,,0,,,0,,,,,,,,,,,,,,,1,1,0,0,0,0,2,3,0,1,0,1,1,1,1,0,1,平井駅 徒歩6分,販売
hanajima16,1,12,ハナジマでんき16号店,,東京都,江戸川区,,,,,,,,,,,,090-3091-8740,2,月火水木金土日祝,9:00,22:00,,0,3,東京都江戸川区平井4-24-4,,★【第二種電気工事士免許をお持ちの方限定】地元で愛されるでんき屋さんでのお仕事です♪,"●シフトはどんどん相談してください！
行事や家族旅行など、気軽に相談してください☆
プライベートはしっかり充実させます♪

●通勤楽々のお店です☆
駅からすぐなので通勤も楽々♪
にぎわいのある場所なので歩いているだけで楽しい気分♪
バイト前後にお買い物やお食事も楽しめます◎

●仕事以外でも仲良し
気の合うスタッフ同士で遊びに行ったり、お仕事終わりに飲み会をすることも♪
楽しみながら働いて、プライベートも充実！

もちろんお問い合わせだけでも大歓迎です！
工事経験の有無に関わらず積極的にお話を聞きます！
きっと素敵な経験になりますよ♪",7:00,8:00,1,0,1,,,,large.png,応募待ってます！,,,,,,,,,"ネット応募の場合は、こちらから電話もしくはメールでご連絡させていただきます。
お返事にお時間がかかる場合がありますのでご了承下さい。","販売全般のお仕事をお願いします。
工事もお願いいたします。
応募資格：第二種電気工事士免許をお持ちの方
接客が好きな方、歓迎します！",2,10000,0,0,,,,,,0,,,,,,,0,,,0,,,,,,,,,,,,,,,1,1,0,0,0,0,2,3,0,1,0,1,1,1,1,0,1,平井駅 徒歩6分,販売
hanajima17,1,12,ハナジマでんき17号店,,東京都,江戸川区,,,,,,,,,,,,090-3091-8740,2,月火水木金土日祝,9:00,22:00,,0,3,東京都江戸川区平井4-24-4,,★【第二種電気工事士免許をお持ちの方限定】地元で愛されるでんき屋さんでのお仕事です♪,"●シフトはどんどん相談してください！
行事や家族旅行など、気軽に相談してください☆
プライベートはしっかり充実させます♪

●通勤楽々のお店です☆
駅からすぐなので通勤も楽々♪
にぎわいのある場所なので歩いているだけで楽しい気分♪
バイト前後にお買い物やお食事も楽しめます◎

●仕事以外でも仲良し
気の合うスタッフ同士で遊びに行ったり、お仕事終わりに飲み会をすることも♪
楽しみながら働いて、プライベートも充実！

もちろんお問い合わせだけでも大歓迎です！
工事経験の有無に関わらず積極的にお話を聞きます！
きっと素敵な経験になりますよ♪",7:00,8:00,1,0,1,,,,large.png,応募待ってます！,,,,,,,,,"ネット応募の場合は、こちらから電話もしくはメールでご連絡させていただきます。
お返事にお時間がかかる場合がありますのでご了承下さい。","販売全般のお仕事をお願いします。
工事もお願いいたします。
応募資格：第二種電気工事士免許をお持ちの方
接客が好きな方、歓迎します！",2,10000,0,0,,,,,,0,,,,,,,0,,,0,,,,,,,,,,,,,,,1,1,0,0,0,0,2,3,0,1,0,1,1,1,1,0,1,平井駅 徒歩6分,販売
hanajima18,1,12,ハナジマでんき18号店,,東京都,江戸川区,,,,,,,,,,,,090-3091-8740,2,月火水木金土日祝,9:00,22:00,,0,3,東京都江戸川区平井4-24-4,,★【第二種電気工事士免許をお持ちの方限定】地元で愛されるでんき屋さんでのお仕事です♪,"●シフトはどんどん相談してください！
行事や家族旅行など、気軽に相談してください☆
プライベートはしっかり充実させます♪

●通勤楽々のお店です☆
駅からすぐなので通勤も楽々♪
にぎわいのある場所なので歩いているだけで楽しい気分♪
バイト前後にお買い物やお食事も楽しめます◎

●仕事以外でも仲良し
気の合うスタッフ同士で遊びに行ったり、お仕事終わりに飲み会をすることも♪
楽しみながら働いて、プライベートも充実！

もちろんお問い合わせだけでも大歓迎です！
工事経験の有無に関わらず積極的にお話を聞きます！
きっと素敵な経験になりますよ♪",7:00,8:00,1,0,1,,,,large.png,応募待ってます！,,,,,,,,,"ネット応募の場合は、こちらから電話もしくはメールでご連絡させていただきます。
お返事にお時間がかかる場合がありますのでご了承下さい。","販売全般のお仕事をお願いします。
工事もお願いいたします。
応募資格：第二種電気工事士免許をお持ちの方
接客が好きな方、歓迎します！",2,10000,0,0,,,,,,0,,,,,,,0,,,0,,,,,,,,,,,,,,,1,1,0,0,0,0,2,3,0,1,0,1,1,1,1,0,1,平井駅 徒歩6分,販売
hanajima19,1,12,ハナジマでんき19号店,,東京都,江戸川区,,,,,,,,,,,,090-3091-8740,2,月火水木金土日祝,9:00,22:00,,0,3,東京都江戸川区平井4-24-4,,★【第二種電気工事士免許をお持ちの方限定】地元で愛されるでんき屋さんでのお仕事です♪,"●シフトはどんどん相談してください！
行事や家族旅行など、気軽に相談してください☆
プライベートはしっかり充実させます♪

●通勤楽々のお店です☆
駅からすぐなので通勤も楽々♪
にぎわいのある場所なので歩いているだけで楽しい気分♪
バイト前後にお買い物やお食事も楽しめます◎

●仕事以外でも仲良し
気の合うスタッフ同士で遊びに行ったり、お仕事終わりに飲み会をすることも♪
楽しみながら働いて、プライベートも充実！

もちろんお問い合わせだけでも大歓迎です！
工事経験の有無に関わらず積極的にお話を聞きます！
きっと素敵な経験になりますよ♪",7:00,8:00,1,0,1,,,,large.png,応募待ってます！,,,,,,,,,"ネット応募の場合は、こちらから電話もしくはメールでご連絡させていただきます。
お返事にお時間がかかる場合がありますのでご了承下さい。","販売全般のお仕事をお願いします。
工事もお願いいたします。
応募資格：第二種電気工事士免許をお持ちの方
接客が好きな方、歓迎します！",2,10000,0,0,,,,,,0,,,,,,,0,,,0,,,,,,,,,,,,,,,1,1,0,0,0,0,2,3,0,1,0,1,1,1,1,0,1,平井駅 徒歩6分,販売
hanajima20,1,12,ハナジマでんき20号店,,東京都,江戸川区,,,,,,,,,,,,090-3091-8740,2,月火水木金土日祝,9:00,22:00,,0,3,東京都江戸川区平井4-24-4,,★【第二種電気工事士免許をお持ちの方限定】地元で愛されるでんき屋さんでのお仕事です♪,"●シフトはどんどん相談してください！
行事や家族旅行など、気軽に相談してください☆
プライベートはしっかり充実させます♪

●通勤楽々のお店です☆
駅からすぐなので通勤も楽々♪
にぎわいのある場所なので歩いているだけで楽しい気分♪
バイト前後にお買い物やお食事も楽しめます◎

●仕事以外でも仲良し
気の合うスタッフ同士で遊びに行ったり、お仕事終わりに飲み会をすることも♪
楽しみながら働いて、プライベートも充実！

もちろんお問い合わせだけでも大歓迎です！
工事経験の有無に関わらず積極的にお話を聞きます！
きっと素敵な経験になりますよ♪",7:00,8:00,1,0,1,,,,large.png,応募待ってます！,,,,,,,,,"ネット応募の場合は、こちらから電話もしくはメールでご連絡させていただきます。
お返事にお時間がかかる場合がありますのでご了承下さい。","販売全般のお仕事をお願いします。
工事もお願いいたします。
応募資格：第二種電気工事士免許をお持ちの方
接客が好きな方、歓迎します！",2,10000,0,0,,,,,,0,,,,,,,0,,,0,,,,,,,,,,,,,,,1,1,0,0,0,0,2,3,0,1,0,1,1,1,1,0,1,平井駅 徒歩6分,販売
hanajima21,1,12,ハナジマでんき21号店,,東京都,江戸川区,,,,,,,,,,,,090-3091-8740,2,月火水木金土日祝,9:00,22:00,,0,3,東京都江戸川区平井4-24-4,,★【第二種電気工事士免許をお持ちの方限定】地元で愛されるでんき屋さんでのお仕事です♪,"●シフトはどんどん相談してください！
行事や家族旅行など、気軽に相談してください☆
プライベートはしっかり充実させます♪

●通勤楽々のお店です☆
駅からすぐなので通勤も楽々♪
にぎわいのある場所なので歩いているだけで楽しい気分♪
バイト前後にお買い物やお食事も楽しめます◎

●仕事以外でも仲良し
気の合うスタッフ同士で遊びに行ったり、お仕事終わりに飲み会をすることも♪
楽しみながら働いて、プライベートも充実！

もちろんお問い合わせだけでも大歓迎です！
工事経験の有無に関わらず積極的にお話を聞きます！
きっと素敵な経験になりますよ♪",7:00,8:00,1,0,1,,,,large.png,応募待ってます！,,,,,,,,,"ネット応募の場合は、こちらから電話もしくはメールでご連絡させていただきます。
お返事にお時間がかかる場合がありますのでご了承下さい。","販売全般のお仕事をお願いします。
工事もお願いいたします。
応募資格：第二種電気工事士免許をお持ちの方
接客が好きな方、歓迎します！",2,10000,0,0,,,,,,0,,,,,,,0,,,0,,,,,,,,,,,,,,,1,1,0,0,0,0,2,3,0,1,0,1,1,1,1,0,1,平井駅 徒歩6分,販売
hanajima22,1,12,ハナジマでんき22号店,,東京都,江戸川区,,,,,,,,,,,,090-3091-8740,2,月火水木金土日祝,9:00,22:00,,0,3,東京都江戸川区平井4-24-4,,★【第二種電気工事士免許をお持ちの方限定】地元で愛されるでんき屋さんでのお仕事です♪,"●シフトはどんどん相談してください！
行事や家族旅行など、気軽に相談してください☆
プライベートはしっかり充実させます♪

●通勤楽々のお店です☆
駅からすぐなので通勤も楽々♪
にぎわいのある場所なので歩いているだけで楽しい気分♪
バイト前後にお買い物やお食事も楽しめます◎

●仕事以外でも仲良し
気の合うスタッフ同士で遊びに行ったり、お仕事終わりに飲み会をすることも♪
楽しみながら働いて、プライベートも充実！

もちろんお問い合わせだけでも大歓迎です！
工事経験の有無に関わらず積極的にお話を聞きます！
きっと素敵な経験になりますよ♪",7:00,8:00,1,0,1,,,,large.png,応募待ってます！,,,,,,,,,"ネット応募の場合は、こちらから電話もしくはメールでご連絡させていただきます。
お返事にお時間がかかる場合がありますのでご了承下さい。","販売全般のお仕事をお願いします。
工事もお願いいたします。
応募資格：第二種電気工事士免許をお持ちの方
接客が好きな方、歓迎します！",2,10000,0,0,,,,,,0,,,,,,,0,,,0,,,,,,,,,,,,,,,1,1,0,0,0,0,2,3,0,1,0,1,1,1,1,0,1,平井駅 徒歩6分,販売
hanajima23,1,12,ハナジマでんき23号店,,東京都,江戸川区,,,,,,,,,,,,090-3091-8740,2,月火水木金土日祝,9:00,22:00,,0,3,東京都江戸川区平井4-24-4,,★【第二種電気工事士免許をお持ちの方限定】地元で愛されるでんき屋さんでのお仕事です♪,"●シフトはどんどん相談してください！
行事や家族旅行など、気軽に相談してください☆
プライベートはしっかり充実させます♪

●通勤楽々のお店です☆
駅からすぐなので通勤も楽々♪
にぎわいのある場所なので歩いているだけで楽しい気分♪
バイト前後にお買い物やお食事も楽しめます◎

●仕事以外でも仲良し
気の合うスタッフ同士で遊びに行ったり、お仕事終わりに飲み会をすることも♪
楽しみながら働いて、プライベートも充実！

もちろんお問い合わせだけでも大歓迎です！
工事経験の有無に関わらず積極的にお話を聞きます！
きっと素敵な経験になりますよ♪",7:00,8:00,1,0,1,,,,large.png,応募待ってます！,,,,,,,,,"ネット応募の場合は、こちらから電話もしくはメールでご連絡させていただきます。
お返事にお時間がかかる場合がありますのでご了承下さい。","販売全般のお仕事をお願いします。
工事もお願いいたします。
応募資格：第二種電気工事士免許をお持ちの方
接客が好きな方、歓迎します！",2,10000,0,0,,,,,,0,,,,,,,0,,,0,,,,,,,,,,,,,,,1,1,0,0,0,0,2,3,0,1,0,1,1,1,1,0,1,平井駅 徒歩6分,販売
hanajima24,1,12,ハナジマでんき24号店,,東京都,江戸川区,,,,,,,,,,,,090-3091-8740,2,月火水木金土日祝,9:00,22:00,,0,3,東京都江戸川区平井4-24-4,,★【第二種電気工事士免許をお持ちの方限定】地元で愛されるでんき屋さんでのお仕事です♪,"●シフトはどんどん相談してください！
行事や家族旅行など、気軽に相談してください☆
プライベートはしっかり充実させます♪

●通勤楽々のお店です☆
駅からすぐなので通勤も楽々♪
にぎわいのある場所なので歩いているだけで楽しい気分♪
バイト前後にお買い物やお食事も楽しめます◎

●仕事以外でも仲良し
気の合うスタッフ同士で遊びに行ったり、お仕事終わりに飲み会をすることも♪
楽しみながら働いて、プライベートも充実！

もちろんお問い合わせだけでも大歓迎です！
工事経験の有無に関わらず積極的にお話を聞きます！
きっと素敵な経験になりますよ♪",7:00,8:00,1,0,1,,,,large.png,応募待ってます！,,,,,,,,,"ネット応募の場合は、こちらから電話もしくはメールでご連絡させていただきます。
お返事にお時間がかかる場合がありますのでご了承下さい。","販売全般のお仕事をお願いします。
工事もお願いいたします。
応募資格：第二種電気工事士免許をお持ちの方
接客が好きな方、歓迎します！",2,10000,0,0,,,,,,0,,,,,,,0,,,0,,,,,,,,,,,,,,,1,1,0,0,0,0,2,3,0,1,0,1,1,1,1,0,1,平井駅 徒歩6分,販売
hanajima25,1,12,ハナジマでんき25号店,,東京都,江戸川区,,,,,,,,,,,,090-3091-8740,2,月火水木金土日祝,9:00,22:00,,0,3,東京都江戸川区平井4-24-4,,★【第二種電気工事士免許をお持ちの方限定】地元で愛されるでんき屋さんでのお仕事です♪,"●シフトはどんどん相談してください！
行事や家族旅行など、気軽に相談してください☆
プライベートはしっかり充実させます♪

●通勤楽々のお店です☆
駅からすぐなので通勤も楽々♪
にぎわいのある場所なので歩いているだけで楽しい気分♪
バイト前後にお買い物やお食事も楽しめます◎

●仕事以外でも仲良し
気の合うスタッフ同士で遊びに行ったり、お仕事終わりに飲み会をすることも♪
楽しみながら働いて、プライベートも充実！

もちろんお問い合わせだけでも大歓迎です！
工事経験の有無に関わらず積極的にお話を聞きます！
きっと素敵な経験になりますよ♪",7:00,8:00,1,0,1,,,,large.png,応募待ってます！,,,,,,,,,"ネット応募の場合は、こちらから電話もしくはメールでご連絡させていただきます。
お返事にお時間がかかる場合がありますのでご了承下さい。","販売全般のお仕事をお願いします。
工事もお願いいたします。
応募資格：第二種電気工事士免許をお持ちの方
接客が好きな方、歓迎します！",2,10000,0,0,,,,,,0,,,,,,,0,,,0,,,,,,,,,,,,,,,1,1,0,0,0,0,2,3,0,1,0,1,1,1,1,0,1,平井駅 徒歩6分,販売
hanajima26,1,12,ハナジマでんき26号店,,東京都,江戸川区,,,,,,,,,,,,090-3091-8740,2,月火水木金土日祝,9:00,22:00,,0,3,東京都江戸川区平井4-24-4,,★【第二種電気工事士免許をお持ちの方限定】地元で愛されるでんき屋さんでのお仕事です♪,"●シフトはどんどん相談してください！
行事や家族旅行など、気軽に相談してください☆
プライベートはしっかり充実させます♪

●通勤楽々のお店です☆
駅からすぐなので通勤も楽々♪
にぎわいのある場所なので歩いているだけで楽しい気分♪
バイト前後にお買い物やお食事も楽しめます◎

●仕事以外でも仲良し
気の合うスタッフ同士で遊びに行ったり、お仕事終わりに飲み会をすることも♪
楽しみながら働いて、プライベートも充実！

もちろんお問い合わせだけでも大歓迎です！
工事経験の有無に関わらず積極的にお話を聞きます！
きっと素敵な経験になりますよ♪",7:00,8:00,1,0,1,,,,large.png,応募待ってます！,,,,,,,,,"ネット応募の場合は、こちらから電話もしくはメールでご連絡させていただきます。
お返事にお時間がかかる場合がありますのでご了承下さい。","販売全般のお仕事をお願いします。
工事もお願いいたします。
応募資格：第二種電気工事士免許をお持ちの方
接客が好きな方、歓迎します！",2,10000,0,0,,,,,,0,,,,,,,0,,,0,,,,,,,,,,,,,,,1,1,0,0,0,0,2,3,0,1,0,1,1,1,1,0,1,平井駅 徒歩6分,販売
hanajima27,1,12,ハナジマでんき27号店,,東京都,江戸川区,,,,,,,,,,,,090-3091-8740,2,月火水木金土日祝,9:00,22:00,,0,3,東京都江戸川区平井4-24-4,,★【第二種電気工事士免許をお持ちの方限定】地元で愛されるでんき屋さんでのお仕事です♪,"●シフトはどんどん相談してください！
行事や家族旅行など、気軽に相談してください☆
プライベートはしっかり充実させます♪

●通勤楽々のお店です☆
駅からすぐなので通勤も楽々♪
にぎわいのある場所なので歩いているだけで楽しい気分♪
バイト前後にお買い物やお食事も楽しめます◎

●仕事以外でも仲良し
気の合うスタッフ同士で遊びに行ったり、お仕事終わりに飲み会をすることも♪
楽しみながら働いて、プライベートも充実！

もちろんお問い合わせだけでも大歓迎です！
工事経験の有無に関わらず積極的にお話を聞きます！
きっと素敵な経験になりますよ♪",7:00,8:00,1,0,1,,,,large.png,応募待ってます！,,,,,,,,,"ネット応募の場合は、こちらから電話もしくはメールでご連絡させていただきます。
お返事にお時間がかかる場合がありますのでご了承下さい。","販売全般のお仕事をお願いします。
工事もお願いいたします。
応募資格：第二種電気工事士免許をお持ちの方
接客が好きな方、歓迎します！",2,10000,0,0,,,,,,0,,,,,,,0,,,0,,,,,,,,,,,,,,,1,1,0,0,0,0,2,3,0,1,0,1,1,1,1,0,1,平井駅 徒歩6分,販売
hanajima28,1,12,ハナジマでんき28号店,,東京都,江戸川区,,,,,,,,,,,,090-3091-8740,2,月火水木金土日祝,9:00,22:00,,0,3,東京都江戸川区平井4-24-4,,★【第二種電気工事士免許をお持ちの方限定】地元で愛されるでんき屋さんでのお仕事です♪,"●シフトはどんどん相談してください！
行事や家族旅行など、気軽に相談してください☆
プライベートはしっかり充実させます♪

●通勤楽々のお店です☆
駅からすぐなので通勤も楽々♪
にぎわいのある場所なので歩いているだけで楽しい気分♪
バイト前後にお買い物やお食事も楽しめます◎

●仕事以外でも仲良し
気の合うスタッフ同士で遊びに行ったり、お仕事終わりに飲み会をすることも♪
楽しみながら働いて、プライベートも充実！

もちろんお問い合わせだけでも大歓迎です！
工事経験の有無に関わらず積極的にお話を聞きます！
きっと素敵な経験になりますよ♪",7:00,8:00,1,0,1,,,,large.png,応募待ってます！,,,,,,,,,"ネット応募の場合は、こちらから電話もしくはメールでご連絡させていただきます。
お返事にお時間がかかる場合がありますのでご了承下さい。","販売全般のお仕事をお願いします。
工事もお願いいたします。
応募資格：第二種電気工事士免許をお持ちの方
接客が好きな方、歓迎します！",2,10000,0,0,,,,,,0,,,,,,,0,,,0,,,,,,,,,,,,,,,1,1,0,0,0,0,2,3,0,1,0,1,1,1,1,0,1,平井駅 徒歩6分,販売
hanajima29,1,12,ハナジマでんき29号店,,東京都,江戸川区,,,,,,,,,,,,090-3091-8740,2,月火水木金土日祝,9:00,22:00,,0,3,東京都江戸川区平井4-24-4,,★【第二種電気工事士免許をお持ちの方限定】地元で愛されるでんき屋さんでのお仕事です♪,"●シフトはどんどん相談してください！
行事や家族旅行など、気軽に相談してください☆
プライベートはしっかり充実させます♪

●通勤楽々のお店です☆
駅からすぐなので通勤も楽々♪
にぎわいのある場所なので歩いているだけで楽しい気分♪
バイト前後にお買い物やお食事も楽しめます◎

●仕事以外でも仲良し
気の合うスタッフ同士で遊びに行ったり、お仕事終わりに飲み会をすることも♪
楽しみながら働いて、プライベートも充実！

もちろんお問い合わせだけでも大歓迎です！
工事経験の有無に関わらず積極的にお話を聞きます！
きっと素敵な経験になりますよ♪",7:00,8:00,1,0,1,,,,large.png,応募待ってます！,,,,,,,,,"ネット応募の場合は、こちらから電話もしくはメールでご連絡させていただきます。
お返事にお時間がかかる場合がありますのでご了承下さい。","販売全般のお仕事をお願いします。
工事もお願いいたします。
応募資格：第二種電気工事士免許をお持ちの方
接客が好きな方、歓迎します！",2,10000,0,0,,,,,,0,,,,,,,0,,,0,,,,,,,,,,,,,,,1,1,0,0,0,0,2,3,0,1,0,1,1,1,1,0,1,平井駅 徒歩6分,販売
hanajima30,1,12,ハナジマでんき30号店,,東京都,江戸川区,,,,,,,,,,,,090-3091-8740,2,月火水木金土日祝,9:00,22:00,,0,3,東京都江戸川区平井4-24-4,,★【第二種電気工事士免許をお持ちの方限定】地元で愛されるでんき屋さんでのお仕事です♪,"●シフトはどんどん相談してください！
行事や家族旅行など、気軽に相談してください☆
プライベートはしっかり充実させます♪

●通勤楽々のお店です☆
駅からすぐなので通勤も楽々♪
にぎわいのある場所なので歩いているだけで楽しい気分♪
バイト前後にお買い物やお食事も楽しめます◎

●仕事以外でも仲良し
気の合うスタッフ同士で遊びに行ったり、お仕事終わりに飲み会をすることも♪
楽しみながら働いて、プライベートも充実！

もちろんお問い合わせだけでも大歓迎です！
工事経験の有無に関わらず積極的にお話を聞きます！
きっと素敵な経験になりますよ♪",7:00,8:00,1,0,1,,,,large.png,応募待ってます！,,,,,,,,,"ネット応募の場合は、こちらから電話もしくはメールでご連絡させていただきます。
お返事にお時間がかかる場合がありますのでご了承下さい。","販売全般のお仕事をお願いします。
工事もお願いいたします。
応募資格：第二種電気工事士免許をお持ちの方
接客が好きな方、歓迎します！",2,10000,0,0,,,,,,0,,,,,,,0,,,0,,,,,,,,,,,,,,,1,1,0,0,0,0,2,3,0,1,0,1,1,1,1,0,1,平井駅 徒歩6分,販売
hanajima31,1,12,ハナジマでんき31号店,,東京都,江戸川区,,,,,,,,,,,,090-3091-8740,2,月火水木金土日祝,9:00,22:00,,0,3,東京都江戸川区平井4-24-4,,★【第二種電気工事士免許をお持ちの方限定】地元で愛されるでんき屋さんでのお仕事です♪,"●シフトはどんどん相談してください！
行事や家族旅行など、気軽に相談してください☆
プライベートはしっかり充実させます♪

●通勤楽々のお店です☆
駅からすぐなので通勤も楽々♪
にぎわいのある場所なので歩いているだけで楽しい気分♪
バイト前後にお買い物やお食事も楽しめます◎

●仕事以外でも仲良し
気の合うスタッフ同士で遊びに行ったり、お仕事終わりに飲み会をすることも♪
楽しみながら働いて、プライベートも充実！

もちろんお問い合わせだけでも大歓迎です！
工事経験の有無に関わらず積極的にお話を聞きます！
きっと素敵な経験になりますよ♪",7:00,8:00,1,0,1,,,,large.png,応募待ってます！,,,,,,,,,"ネット応募の場合は、こちらから電話もしくはメールでご連絡させていただきます。
お返事にお時間がかかる場合がありますのでご了承下さい。","販売全般のお仕事をお願いします。
工事もお願いいたします。
応募資格：第二種電気工事士免許をお持ちの方
接客が好きな方、歓迎します！",2,10000,0,0,,,,,,0,,,,,,,0,,,0,,,,,,,,,,,,,,,1,1,0,0,0,0,2,3,0,1,0,1,1,1,1,0,1,平井駅 徒歩6分,販売
hanajima32,1,12,ハナジマでんき32号店,,東京都,江戸川区,,,,,,,,,,,,090-3091-8740,2,月火水木金土日祝,9:00,22:00,,0,3,東京都江戸川区平井4-24-4,,★【第二種電気工事士免許をお持ちの方限定】地元で愛されるでんき屋さんでのお仕事です♪,"●シフトはどんどん相談してください！
行事や家族旅行など、気軽に相談してください☆
プライベートはしっかり充実させます♪

●通勤楽々のお店です☆
駅からすぐなので通勤も楽々♪
にぎわいのある場所なので歩いているだけで楽しい気分♪
バイト前後にお買い物やお食事も楽しめます◎

●仕事以外でも仲良し
気の合うスタッフ同士で遊びに行ったり、お仕事終わりに飲み会をすることも♪
楽しみながら働いて、プライベートも充実！

もちろんお問い合わせだけでも大歓迎です！
工事経験の有無に関わらず積極的にお話を聞きます！
きっと素敵な経験になりますよ♪",7:00,8:00,1,0,1,,,,large.png,応募待ってます！,,,,,,,,,"ネット応募の場合は、こちらから電話もしくはメールでご連絡させていただきます。
お返事にお時間がかかる場合がありますのでご了承下さい。","販売全般のお仕事をお願いします。
工事もお願いいたします。
応募資格：第二種電気工事士免許をお持ちの方
接客が好きな方、歓迎します！",2,10000,0,0,,,,,,0,,,,,,,0,,,0,,,,,,,,,,,,,,,1,1,0,0,0,0,2,3,0,1,0,1,1,1,1,0,1,平井駅 徒歩6分,販売
hanajima33,1,12,ハナジマでんき33号店,,東京都,江戸川区,,,,,,,,,,,,090-3091-8740,2,月火水木金土日祝,9:00,22:00,,0,3,東京都江戸川区平井4-24-4,,★【第二種電気工事士免許をお持ちの方限定】地元で愛されるでんき屋さんでのお仕事です♪,"●シフトはどんどん相談してください！
行事や家族旅行など、気軽に相談してください☆
プライベートはしっかり充実させます♪

●通勤楽々のお店です☆
駅からすぐなので通勤も楽々♪
にぎわいのある場所なので歩いているだけで楽しい気分♪
バイト前後にお買い物やお食事も楽しめます◎

●仕事以外でも仲良し
気の合うスタッフ同士で遊びに行ったり、お仕事終わりに飲み会をすることも♪
楽しみながら働いて、プライベートも充実！

もちろんお問い合わせだけでも大歓迎です！
工事経験の有無に関わらず積極的にお話を聞きます！
きっと素敵な経験になりますよ♪",7:00,8:00,1,0,1,,,,large.png,応募待ってます！,,,,,,,,,"ネット応募の場合は、こちらから電話もしくはメールでご連絡させていただきます。
お返事にお時間がかかる場合がありますのでご了承下さい。","販売全般のお仕事をお願いします。
工事もお願いいたします。
応募資格：第二種電気工事士免許をお持ちの方
接客が好きな方、歓迎します！",2,10000,0,0,,,,,,0,,,,,,,0,,,0,,,,,,,,,,,,,,,1,1,0,0,0,0,2,3,0,1,0,1,1,1,1,0,1,平井駅 徒歩6分,販売
hanajima34,1,12,ハナジマでんき34号店,,東京都,江戸川区,,,,,,,,,,,,090-3091-8740,2,月火水木金土日祝,9:00,22:00,,0,3,東京都江戸川区平井4-24-4,,★【第二種電気工事士免許をお持ちの方限定】地元で愛されるでんき屋さんでのお仕事です♪,"●シフトはどんどん相談してください！
行事や家族旅行など、気軽に相談してください☆
プライベートはしっかり充実させます♪

●通勤楽々のお店です☆
駅からすぐなので通勤も楽々♪
にぎわいのある場所なので歩いているだけで楽しい気分♪
バイト前後にお買い物やお食事も楽しめます◎

●仕事以外でも仲良し
気の合うスタッフ同士で遊びに行ったり、お仕事終わりに飲み会をすることも♪
楽しみながら働いて、プライベートも充実！

もちろんお問い合わせだけでも大歓迎です！
工事経験の有無に関わらず積極的にお話を聞きます！
きっと素敵な経験になりますよ♪",7:00,8:00,1,0,1,,,,large.png,応募待ってます！,,,,,,,,,"ネット応募の場合は、こちらから電話もしくはメールでご連絡させていただきます。
お返事にお時間がかかる場合がありますのでご了承下さい。","販売全般のお仕事をお願いします。
工事もお願いいたします。
応募資格：第二種電気工事士免許をお持ちの方
接客が好きな方、歓迎します！",2,10000,0,0,,,,,,0,,,,,,,0,,,0,,,,,,,,,,,,,,,1,1,0,0,0,0,2,3,0,1,0,1,1,1,1,0,1,平井駅 徒歩6分,販売
hanajima35,1,12,ハナジマでんき35号店,,東京都,江戸川区,,,,,,,,,,,,090-3091-8740,2,月火水木金土日祝,9:00,22:00,,0,3,東京都江戸川区平井4-24-4,,★【第二種電気工事士免許をお持ちの方限定】地元で愛されるでんき屋さんでのお仕事です♪,"●シフトはどんどん相談してください！
行事や家族旅行など、気軽に相談してください☆
プライベートはしっかり充実させます♪

●通勤楽々のお店です☆
駅からすぐなので通勤も楽々♪
にぎわいのある場所なので歩いているだけで楽しい気分♪
バイト前後にお買い物やお食事も楽しめます◎

●仕事以外でも仲良し
気の合うスタッフ同士で遊びに行ったり、お仕事終わりに飲み会をすることも♪
楽しみながら働いて、プライベートも充実！

もちろんお問い合わせだけでも大歓迎です！
工事経験の有無に関わらず積極的にお話を聞きます！
きっと素敵な経験になりますよ♪",7:00,8:00,1,0,1,,,,large.png,応募待ってます！,,,,,,,,,"ネット応募の場合は、こちらから電話もしくはメールでご連絡させていただきます。
お返事にお時間がかかる場合がありますのでご了承下さい。","販売全般のお仕事をお願いします。
工事もお願いいたします。
応募資格：第二種電気工事士免許をお持ちの方
接客が好きな方、歓迎します！",2,10000,0,0,,,,,,0,,,,,,,0,,,0,,,,,,,,,,,,,,,1,1,0,0,0,0,2,3,0,1,0,1,1,1,1,0,1,平井駅 徒歩6分,販売
hanajima36,1,12,ハナジマでんき36号店,,東京都,江戸川区,,,,,,,,,,,,090-3091-8740,2,月火水木金土日祝,9:00,22:00,,0,3,東京都江戸川区平井4-24-4,,★【第二種電気工事士免許をお持ちの方限定】地元で愛されるでんき屋さんでのお仕事です♪,"●シフトはどんどん相談してください！
行事や家族旅行など、気軽に相談してください☆
プライベートはしっかり充実させます♪

●通勤楽々のお店です☆
駅からすぐなので通勤も楽々♪
にぎわいのある場所なので歩いているだけで楽しい気分♪
バイト前後にお買い物やお食事も楽しめます◎

●仕事以外でも仲良し
気の合うスタッフ同士で遊びに行ったり、お仕事終わりに飲み会をすることも♪
楽しみながら働いて、プライベートも充実！

もちろんお問い合わせだけでも大歓迎です！
工事経験の有無に関わらず積極的にお話を聞きます！
きっと素敵な経験になりますよ♪",7:00,8:00,1,0,1,,,,large.png,応募待ってます！,,,,,,,,,"ネット応募の場合は、こちらから電話もしくはメールでご連絡させていただきます。
お返事にお時間がかかる場合がありますのでご了承下さい。","販売全般のお仕事をお願いします。
工事もお願いいたします。
応募資格：第二種電気工事士免許をお持ちの方
接客が好きな方、歓迎します！",2,10000,0,0,,,,,,0,,,,,,,0,,,0,,,,,,,,,,,,,,,1,1,0,0,0,0,2,3,0,1,0,1,1,1,1,0,1,平井駅 徒歩6分,販売
hanajima37,1,12,ハナジマでんき37号店,,東京都,江戸川区,,,,,,,,,,,,090-3091-8740,2,月火水木金土日祝,9:00,22:00,,0,3,東京都江戸川区平井4-24-4,,★【第二種電気工事士免許をお持ちの方限定】地元で愛されるでんき屋さんでのお仕事です♪,"●シフトはどんどん相談してください！
行事や家族旅行など、気軽に相談してください☆
プライベートはしっかり充実させます♪

●通勤楽々のお店です☆
駅からすぐなので通勤も楽々♪
にぎわいのある場所なので歩いているだけで楽しい気分♪
バイト前後にお買い物やお食事も楽しめます◎

●仕事以外でも仲良し
気の合うスタッフ同士で遊びに行ったり、お仕事終わりに飲み会をすることも♪
楽しみながら働いて、プライベートも充実！

もちろんお問い合わせだけでも大歓迎です！
工事経験の有無に関わらず積極的にお話を聞きます！
きっと素敵な経験になりますよ♪",7:00,8:00,1,0,1,,,,large.png,応募待ってます！,,,,,,,,,"ネット応募の場合は、こちらから電話もしくはメールでご連絡させていただきます。
お返事にお時間がかかる場合がありますのでご了承下さい。","販売全般のお仕事をお願いします。
工事もお願いいたします。
応募資格：第二種電気工事士免許をお持ちの方
接客が好きな方、歓迎します！",2,10000,0,0,,,,,,0,,,,,,,0,,,0,,,,,,,,,,,,,,,1,1,0,0,0,0,2,3,0,1,0,1,1,1,1,0,1,平井駅 徒歩6分,販売
hanajima38,1,12,ハナジマでんき38号店,,東京都,江戸川区,,,,,,,,,,,,090-3091-8740,2,月火水木金土日祝,9:00,22:00,,0,3,東京都江戸川区平井4-24-4,,★【第二種電気工事士免許をお持ちの方限定】地元で愛されるでんき屋さんでのお仕事です♪,"●シフトはどんどん相談してください！
行事や家族旅行など、気軽に相談してください☆
プライベートはしっかり充実させます♪

●通勤楽々のお店です☆
駅からすぐなので通勤も楽々♪
にぎわいのある場所なので歩いているだけで楽しい気分♪
バイト前後にお買い物やお食事も楽しめます◎

●仕事以外でも仲良し
気の合うスタッフ同士で遊びに行ったり、お仕事終わりに飲み会をすることも♪
楽しみながら働いて、プライベートも充実！

もちろんお問い合わせだけでも大歓迎です！
工事経験の有無に関わらず積極的にお話を聞きます！
きっと素敵な経験になりますよ♪",7:00,8:00,1,0,1,,,,large.png,応募待ってます！,,,,,,,,,"ネット応募の場合は、こちらから電話もしくはメールでご連絡させていただきます。
お返事にお時間がかかる場合がありますのでご了承下さい。","販売全般のお仕事をお願いします。
工事もお願いいたします。
応募資格：第二種電気工事士免許をお持ちの方
接客が好きな方、歓迎します！",2,10000,0,0,,,,,,0,,,,,,,0,,,0,,,,,,,,,,,,,,,1,1,0,0,0,0,2,3,0,1,0,1,1,1,1,0,1,平井駅 徒歩6分,販売
hanajima39,1,12,ハナジマでんき39号店,,東京都,江戸川区,,,,,,,,,,,,090-3091-8740,2,月火水木金土日祝,9:00,22:00,,0,3,東京都江戸川区平井4-24-4,,★【第二種電気工事士免許をお持ちの方限定】地元で愛されるでんき屋さんでのお仕事です♪,"●シフトはどんどん相談してください！
行事や家族旅行など、気軽に相談してください☆
プライベートはしっかり充実させます♪

●通勤楽々のお店です☆
駅からすぐなので通勤も楽々♪
にぎわいのある場所なので歩いているだけで楽しい気分♪
バイト前後にお買い物やお食事も楽しめます◎

●仕事以外でも仲良し
気の合うスタッフ同士で遊びに行ったり、お仕事終わりに飲み会をすることも♪
楽しみながら働いて、プライベートも充実！

もちろんお問い合わせだけでも大歓迎です！
工事経験の有無に関わらず積極的にお話を聞きます！
きっと素敵な経験になりますよ♪",7:00,8:00,1,0,1,,,,large.png,応募待ってます！,,,,,,,,,"ネット応募の場合は、こちらから電話もしくはメールでご連絡させていただきます。
お返事にお時間がかかる場合がありますのでご了承下さい。","販売全般のお仕事をお願いします。
工事もお願いいたします。
応募資格：第二種電気工事士免許をお持ちの方
接客が好きな方、歓迎します！",2,10000,0,0,,,,,,0,,,,,,,0,,,0,,,,,,,,,,,,,,,1,1,0,0,0,0,2,3,0,1,0,1,1,1,1,0,1,平井駅 徒歩6分,販売
hanajima40,1,12,ハナジマでんき40号店,,東京都,江戸川区,,,,,,,,,,,,090-3091-8740,2,月火水木金土日祝,9:00,22:00,,0,3,東京都江戸川区平井4-24-4,,★【第二種電気工事士免許をお持ちの方限定】地元で愛されるでんき屋さんでのお仕事です♪,"●シフトはどんどん相談してください！
行事や家族旅行など、気軽に相談してください☆
プライベートはしっかり充実させます♪

●通勤楽々のお店です☆
駅からすぐなので通勤も楽々♪
にぎわいのある場所なので歩いているだけで楽しい気分♪
バイト前後にお買い物やお食事も楽しめます◎

●仕事以外でも仲良し
気の合うスタッフ同士で遊びに行ったり、お仕事終わりに飲み会をすることも♪
楽しみながら働いて、プライベートも充実！

もちろんお問い合わせだけでも大歓迎です！
工事経験の有無に関わらず積極的にお話を聞きます！
きっと素敵な経験になりますよ♪",7:00,8:00,1,0,1,,,,large.png,応募待ってます！,,,,,,,,,"ネット応募の場合は、こちらから電話もしくはメールでご連絡させていただきます。
お返事にお時間がかかる場合がありますのでご了承下さい。","販売全般のお仕事をお願いします。
工事もお願いいたします。
応募資格：第二種電気工事士免許をお持ちの方
接客が好きな方、歓迎します！",2,10000,0,0,,,,,,0,,,,,,,0,,,0,,,,,,,,,,,,,,,1,1,0,0,0,0,2,3,0,1,0,1,1,1,1,0,1,平井駅 徒歩6分,販売
hanajima41,1,12,ハナジマでんき41号店,,東京都,江戸川区,,,,,,,,,,,,090-3091-8740,2,月火水木金土日祝,9:00,22:00,,0,3,東京都江戸川区平井4-24-4,,★【第二種電気工事士免許をお持ちの方限定】地元で愛されるでんき屋さんでのお仕事です♪,"●シフトはどんどん相談してください！
行事や家族旅行など、気軽に相談してください☆
プライベートはしっかり充実させます♪

●通勤楽々のお店です☆
駅からすぐなので通勤も楽々♪
にぎわいのある場所なので歩いているだけで楽しい気分♪
バイト前後にお買い物やお食事も楽しめます◎

●仕事以外でも仲良し
気の合うスタッフ同士で遊びに行ったり、お仕事終わりに飲み会をすることも♪
楽しみながら働いて、プライベートも充実！

もちろんお問い合わせだけでも大歓迎です！
工事経験の有無に関わらず積極的にお話を聞きます！
きっと素敵な経験になりますよ♪",7:00,8:00,1,0,1,,,,large.png,応募待ってます！,,,,,,,,,"ネット応募の場合は、こちらから電話もしくはメールでご連絡させていただきます。
お返事にお時間がかかる場合がありますのでご了承下さい。","販売全般のお仕事をお願いします。
工事もお願いいたします。
応募資格：第二種電気工事士免許をお持ちの方
接客が好きな方、歓迎します！",2,10000,0,0,,,,,,0,,,,,,,0,,,0,,,,,,,,,,,,,,,1,1,0,0,0,0,2,3,0,1,0,1,1,1,1,0,1,平井駅 徒歩6分,販売
hanajima42,1,12,ハナジマでんき42号店,,東京都,江戸川区,,,,,,,,,,,,090-3091-8740,2,月火水木金土日祝,9:00,22:00,,0,3,東京都江戸川区平井4-24-4,,★【第二種電気工事士免許をお持ちの方限定】地元で愛されるでんき屋さんでのお仕事です♪,"●シフトはどんどん相談してください！
行事や家族旅行など、気軽に相談してください☆
プライベートはしっかり充実させます♪

●通勤楽々のお店です☆
駅からすぐなので通勤も楽々♪
にぎわいのある場所なので歩いているだけで楽しい気分♪
バイト前後にお買い物やお食事も楽しめます◎

●仕事以外でも仲良し
気の合うスタッフ同士で遊びに行ったり、お仕事終わりに飲み会をすることも♪
楽しみながら働いて、プライベートも充実！

もちろんお問い合わせだけでも大歓迎です！
工事経験の有無に関わらず積極的にお話を聞きます！
きっと素敵な経験になりますよ♪",7:00,8:00,1,0,1,,,,large.png,応募待ってます！,,,,,,,,,"ネット応募の場合は、こちらから電話もしくはメールでご連絡させていただきます。
お返事にお時間がかかる場合がありますのでご了承下さい。","販売全般のお仕事をお願いします。
工事もお願いいたします。
応募資格：第二種電気工事士免許をお持ちの方
接客が好きな方、歓迎します！",2,10000,0,0,,,,,,0,,,,,,,0,,,0,,,,,,,,,,,,,,,1,1,0,0,0,0,2,3,0,1,0,1,1,1,1,0,1,平井駅 徒歩6分,販売
hanajima43,1,12,ハナジマでんき43号店,,東京都,江戸川区,,,,,,,,,,,,090-3091-8740,2,月火水木金土日祝,9:00,22:00,,0,3,東京都江戸川区平井4-24-4,,★【第二種電気工事士免許をお持ちの方限定】地元で愛されるでんき屋さんでのお仕事です♪,"●シフトはどんどん相談してください！
行事や家族旅行など、気軽に相談してください☆
プライベートはしっかり充実させます♪

●通勤楽々のお店です☆
駅からすぐなので通勤も楽々♪
にぎわいのある場所なので歩いているだけで楽しい気分♪
バイト前後にお買い物やお食事も楽しめます◎

●仕事以外でも仲良し
気の合うスタッフ同士で遊びに行ったり、お仕事終わりに飲み会をすることも♪
楽しみながら働いて、プライベートも充実！

もちろんお問い合わせだけでも大歓迎です！
工事経験の有無に関わらず積極的にお話を聞きます！
きっと素敵な経験になりますよ♪",7:00,8:00,1,0,1,,,,large.png,応募待ってます！,,,,,,,,,"ネット応募の場合は、こちらから電話もしくはメールでご連絡させていただきます。
お返事にお時間がかかる場合がありますのでご了承下さい。","販売全般のお仕事をお願いします。
工事もお願いいたします。
応募資格：第二種電気工事士免許をお持ちの方
接客が好きな方、歓迎します！",2,10000,0,0,,,,,,0,,,,,,,0,,,0,,,,,,,,,,,,,,,1,1,0,0,0,0,2,3,0,1,0,1,1,1,1,0,1,平井駅 徒歩6分,販売
hanajima44,1,12,ハナジマでんき44号店,,東京都,江戸川区,,,,,,,,,,,,090-3091-8740,2,月火水木金土日祝,9:00,22:00,,0,3,東京都江戸川区平井4-24-4,,★【第二種電気工事士免許をお持ちの方限定】地元で愛されるでんき屋さんでのお仕事です♪,"●シフトはどんどん相談してください！
行事や家族旅行など、気軽に相談してください☆
プライベートはしっかり充実させます♪

●通勤楽々のお店です☆
駅からすぐなので通勤も楽々♪
にぎわいのある場所なので歩いているだけで楽しい気分♪
バイト前後にお買い物やお食事も楽しめます◎

●仕事以外でも仲良し
気の合うスタッフ同士で遊びに行ったり、お仕事終わりに飲み会をすることも♪
楽しみながら働いて、プライベートも充実！

もちろんお問い合わせだけでも大歓迎です！
工事経験の有無に関わらず積極的にお話を聞きます！
きっと素敵な経験になりますよ♪",7:00,8:00,1,0,1,,,,large.png,応募待ってます！,,,,,,,,,"ネット応募の場合は、こちらから電話もしくはメールでご連絡させていただきます。
お返事にお時間がかかる場合がありますのでご了承下さい。","販売全般のお仕事をお願いします。
工事もお願いいたします。
応募資格：第二種電気工事士免許をお持ちの方
接客が好きな方、歓迎します！",2,10000,0,0,,,,,,0,,,,,,,0,,,0,,,,,,,,,,,,,,,1,1,0,0,0,0,2,3,0,1,0,1,1,1,1,0,1,平井駅 徒歩6分,販売
hanajima45,1,12,ハナジマでんき45号店,,東京都,江戸川区,,,,,,,,,,,,090-3091-8740,2,月火水木金土日祝,9:00,22:00,,0,3,東京都江戸川区平井4-24-4,,★【第二種電気工事士免許をお持ちの方限定】地元で愛されるでんき屋さんでのお仕事です♪,"●シフトはどんどん相談してください！
行事や家族旅行など、気軽に相談してください☆
プライベートはしっかり充実させます♪

●通勤楽々のお店です☆
駅からすぐなので通勤も楽々♪
にぎわいのある場所なので歩いているだけで楽しい気分♪
バイト前後にお買い物やお食事も楽しめます◎

●仕事以外でも仲良し
気の合うスタッフ同士で遊びに行ったり、お仕事終わりに飲み会をすることも♪
楽しみながら働いて、プライベートも充実！

もちろんお問い合わせだけでも大歓迎です！
工事経験の有無に関わらず積極的にお話を聞きます！
きっと素敵な経験になりますよ♪",7:00,8:00,1,0,1,,,,large.png,応募待ってます！,,,,,,,,,"ネット応募の場合は、こちらから電話もしくはメールでご連絡させていただきます。
お返事にお時間がかかる場合がありますのでご了承下さい。","販売全般のお仕事をお願いします。
工事もお願いいたします。
応募資格：第二種電気工事士免許をお持ちの方
接客が好きな方、歓迎します！",2,10000,0,0,,,,,,0,,,,,,,0,,,0,,,,,,,,,,,,,,,1,1,0,0,0,0,2,3,0,1,0,1,1,1,1,0,1,平井駅 徒歩6分,販売
hanajima46,1,12,ハナジマでんき46号店,,東京都,江戸川区,,,,,,,,,,,,090-3091-8740,2,月火水木金土日祝,9:00,22:00,,0,3,東京都江戸川区平井4-24-4,,★【第二種電気工事士免許をお持ちの方限定】地元で愛されるでんき屋さんでのお仕事です♪,"●シフトはどんどん相談してください！
行事や家族旅行など、気軽に相談してください☆
プライベートはしっかり充実させます♪

●通勤楽々のお店です☆
駅からすぐなので通勤も楽々♪
にぎわいのある場所なので歩いているだけで楽しい気分♪
バイト前後にお買い物やお食事も楽しめます◎

●仕事以外でも仲良し
気の合うスタッフ同士で遊びに行ったり、お仕事終わりに飲み会をすることも♪
楽しみながら働いて、プライベートも充実！

もちろんお問い合わせだけでも大歓迎です！
工事経験の有無に関わらず積極的にお話を聞きます！
きっと素敵な経験になりますよ♪",7:00,8:00,1,0,1,,,,large.png,応募待ってます！,,,,,,,,,"ネット応募の場合は、こちらから電話もしくはメールでご連絡させていただきます。
お返事にお時間がかかる場合がありますのでご了承下さい。","販売全般のお仕事をお願いします。
工事もお願いいたします。
応募資格：第二種電気工事士免許をお持ちの方
接客が好きな方、歓迎します！",2,10000,0,0,,,,,,0,,,,,,,0,,,0,,,,,,,,,,,,,,,1,1,0,0,0,0,2,3,0,1,0,1,1,1,1,0,1,平井駅 徒歩6分,販売
hanajima47,1,12,ハナジマでんき47号店,,東京都,江戸川区,,,,,,,,,,,,090-3091-8740,2,月火水木金土日祝,9:00,22:00,,0,3,東京都江戸川区平井4-24-4,,★【第二種電気工事士免許をお持ちの方限定】地元で愛されるでんき屋さんでのお仕事です♪,"●シフトはどんどん相談してください！
行事や家族旅行など、気軽に相談してください☆
プライベートはしっかり充実させます♪

●通勤楽々のお店です☆
駅からすぐなので通勤も楽々♪
にぎわいのある場所なので歩いているだけで楽しい気分♪
バイト前後にお買い物やお食事も楽しめます◎

●仕事以外でも仲良し
気の合うスタッフ同士で遊びに行ったり、お仕事終わりに飲み会をすることも♪
楽しみながら働いて、プライベートも充実！

もちろんお問い合わせだけでも大歓迎です！
工事経験の有無に関わらず積極的にお話を聞きます！
きっと素敵な経験になりますよ♪",7:00,8:00,1,0,1,,,,large.png,応募待ってます！,,,,,,,,,"ネット応募の場合は、こちらから電話もしくはメールでご連絡させていただきます。
お返事にお時間がかかる場合がありますのでご了承下さい。","販売全般のお仕事をお願いします。
工事もお願いいたします。
応募資格：第二種電気工事士免許をお持ちの方
接客が好きな方、歓迎します！",2,10000,0,0,,,,,,0,,,,,,,0,,,0,,,,,,,,,,,,,,,1,1,0,0,0,0,2,3,0,1,0,1,1,1,1,0,1,平井駅 徒歩6分,販売
hanajima48,1,12,ハナジマでんき48号店,,東京都,江戸川区,,,,,,,,,,,,090-3091-8740,2,月火水木金土日祝,9:00,22:00,,0,3,東京都江戸川区平井4-24-4,,★【第二種電気工事士免許をお持ちの方限定】地元で愛されるでんき屋さんでのお仕事です♪,"●シフトはどんどん相談してください！
行事や家族旅行など、気軽に相談してください☆
プライベートはしっかり充実させます♪

●通勤楽々のお店です☆
駅からすぐなので通勤も楽々♪
にぎわいのある場所なので歩いているだけで楽しい気分♪
バイト前後にお買い物やお食事も楽しめます◎

●仕事以外でも仲良し
気の合うスタッフ同士で遊びに行ったり、お仕事終わりに飲み会をすることも♪
楽しみながら働いて、プライベートも充実！

もちろんお問い合わせだけでも大歓迎です！
工事経験の有無に関わらず積極的にお話を聞きます！
きっと素敵な経験になりますよ♪",7:00,8:00,1,0,1,,,,large.png,応募待ってます！,,,,,,,,,"ネット応募の場合は、こちらから電話もしくはメールでご連絡させていただきます。
お返事にお時間がかかる場合がありますのでご了承下さい。","販売全般のお仕事をお願いします。
工事もお願いいたします。
応募資格：第二種電気工事士免許をお持ちの方
接客が好きな方、歓迎します！",2,10000,0,0,,,,,,0,,,,,,,0,,,0,,,,,,,,,,,,,,,1,1,0,0,0,0,2,3,0,1,0,1,1,1,1,0,1,平井駅 徒歩6分,販売
hanajima49,1,12,ハナジマでんき49号店,,東京都,江戸川区,,,,,,,,,,,,090-3091-8740,2,月火水木金土日祝,9:00,22:00,,0,3,東京都江戸川区平井4-24-4,,★【第二種電気工事士免許をお持ちの方限定】地元で愛されるでんき屋さんでのお仕事です♪,"●シフトはどんどん相談してください！
行事や家族旅行など、気軽に相談してください☆
プライベートはしっかり充実させます♪

●通勤楽々のお店です☆
駅からすぐなので通勤も楽々♪
にぎわいのある場所なので歩いているだけで楽しい気分♪
バイト前後にお買い物やお食事も楽しめます◎

●仕事以外でも仲良し
気の合うスタッフ同士で遊びに行ったり、お仕事終わりに飲み会をすることも♪
楽しみながら働いて、プライベートも充実！

もちろんお問い合わせだけでも大歓迎です！
工事経験の有無に関わらず積極的にお話を聞きます！
きっと素敵な経験になりますよ♪",7:00,8:00,1,0,1,,,,large.png,応募待ってます！,,,,,,,,,"ネット応募の場合は、こちらから電話もしくはメールでご連絡させていただきます。
お返事にお時間がかかる場合がありますのでご了承下さい。","販売全般のお仕事をお願いします。
工事もお願いいたします。
応募資格：第二種電気工事士免許をお持ちの方
接客が好きな方、歓迎します！",2,10000,0,0,,,,,,0,,,,,,,0,,,0,,,,,,,,,,,,,,,1,1,0,0,0,0,2,3,0,1,0,1,1,1,1,0,1,平井駅 徒歩6分,販売
hanajima50,1,12,ハナジマでんき50号店,,東京都,江戸川区,,,,,,,,,,,,090-3091-8740,2,月火水木金土日祝,9:00,22:00,,0,3,東京都江戸川区平井4-24-4,,★【第二種電気工事士免許をお持ちの方限定】地元で愛されるでんき屋さんでのお仕事です♪,"●シフトはどんどん相談してください！
行事や家族旅行など、気軽に相談してください☆
プライベートはしっかり充実させます♪

●通勤楽々のお店です☆
駅からすぐなので通勤も楽々♪
にぎわいのある場所なので歩いているだけで楽しい気分♪
バイト前後にお買い物やお食事も楽しめます◎

●仕事以外でも仲良し
気の合うスタッフ同士で遊びに行ったり、お仕事終わりに飲み会をすることも♪
楽しみながら働いて、プライベートも充実！

もちろんお問い合わせだけでも大歓迎です！
工事経験の有無に関わらず積極的にお話を聞きます！
きっと素敵な経験になりますよ♪",7:00,8:00,1,0,1,,,,large.png,応募待ってます！,,,,,,,,,"ネット応募の場合は、こちらから電話もしくはメールでご連絡させていただきます。
お返事にお時間がかかる場合がありますのでご了承下さい。","販売全般のお仕事をお願いします。
工事もお願いいたします。
応募資格：第二種電気工事士免許をお持ちの方
接客が好きな方、歓迎します！",2,10000,0,0,,,,,,0,,,,,,,0,,,0,,,,,,,,,,,,,,,1,1,0,0,0,0,2,3,0,1,0,1,1,1,1,0,1,平井駅 徒歩6分,販売
hanajima51,1,12,ハナジマでんき51号店,,東京都,江戸川区,,,,,,,,,,,,090-3091-8740,2,月火水木金土日祝,9:00,22:00,,0,3,東京都江戸川区平井4-24-4,,★【第二種電気工事士免許をお持ちの方限定】地元で愛されるでんき屋さんでのお仕事です♪,"●シフトはどんどん相談してください！
行事や家族旅行など、気軽に相談してください☆
プライベートはしっかり充実させます♪

●通勤楽々のお店です☆
駅からすぐなので通勤も楽々♪
にぎわいのある場所なので歩いているだけで楽しい気分♪
バイト前後にお買い物やお食事も楽しめます◎

●仕事以外でも仲良し
気の合うスタッフ同士で遊びに行ったり、お仕事終わりに飲み会をすることも♪
楽しみながら働いて、プライベートも充実！

もちろんお問い合わせだけでも大歓迎です！
工事経験の有無に関わらず積極的にお話を聞きます！
きっと素敵な経験になりますよ♪",7:00,8:00,1,0,1,,,,large.png,応募待ってます！,,,,,,,,,"ネット応募の場合は、こちらから電話もしくはメールでご連絡させていただきます。
お返事にお時間がかかる場合がありますのでご了承下さい。","販売全般のお仕事をお願いします。
工事もお願いいたします。
応募資格：第二種電気工事士免許をお持ちの方
接客が好きな方、歓迎します！",2,10000,0,0,,,,,,0,,,,,,,0,,,0,,,,,,,,,,,,,,,1,1,0,0,0,0,2,3,0,1,0,1,1,1,1,0,1,平井駅 徒歩6分,販売
hanajima52,1,12,ハナジマでんき52号店,,東京都,江戸川区,,,,,,,,,,,,090-3091-8740,2,月火水木金土日祝,9:00,22:00,,0,3,東京都江戸川区平井4-24-4,,★【第二種電気工事士免許をお持ちの方限定】地元で愛されるでんき屋さんでのお仕事です♪,"●シフトはどんどん相談してください！
行事や家族旅行など、気軽に相談してください☆
プライベートはしっかり充実させます♪

●通勤楽々のお店です☆
駅からすぐなので通勤も楽々♪
にぎわいのある場所なので歩いているだけで楽しい気分♪
バイト前後にお買い物やお食事も楽しめます◎

●仕事以外でも仲良し
気の合うスタッフ同士で遊びに行ったり、お仕事終わりに飲み会をすることも♪
楽しみながら働いて、プライベートも充実！

もちろんお問い合わせだけでも大歓迎です！
工事経験の有無に関わらず積極的にお話を聞きます！
きっと素敵な経験になりますよ♪",7:00,8:00,1,0,1,,,,large.png,応募待ってます！,,,,,,,,,"ネット応募の場合は、こちらから電話もしくはメールでご連絡させていただきます。
お返事にお時間がかかる場合がありますのでご了承下さい。","販売全般のお仕事をお願いします。
工事もお願いいたします。
応募資格：第二種電気工事士免許をお持ちの方
接客が好きな方、歓迎します！",2,10000,0,0,,,,,,0,,,,,,,0,,,0,,,,,,,,,,,,,,,1,1,0,0,0,0,2,3,0,1,0,1,1,1,1,0,1,平井駅 徒歩6分,販売
hanajima53,1,12,ハナジマでんき53号店,,東京都,江戸川区,,,,,,,,,,,,090-3091-8740,2,月火水木金土日祝,9:00,22:00,,0,3,東京都江戸川区平井4-24-4,,★【第二種電気工事士免許をお持ちの方限定】地元で愛されるでんき屋さんでのお仕事です♪,"●シフトはどんどん相談してください！
行事や家族旅行など、気軽に相談してください☆
プライベートはしっかり充実させます♪

●通勤楽々のお店です☆
駅からすぐなので通勤も楽々♪
にぎわいのある場所なので歩いているだけで楽しい気分♪
バイト前後にお買い物やお食事も楽しめます◎

●仕事以外でも仲良し
気の合うスタッフ同士で遊びに行ったり、お仕事終わりに飲み会をすることも♪
楽しみながら働いて、プライベートも充実！

もちろんお問い合わせだけでも大歓迎です！
工事経験の有無に関わらず積極的にお話を聞きます！
きっと素敵な経験になりますよ♪",7:00,8:00,1,0,1,,,,large.png,応募待ってます！,,,,,,,,,"ネット応募の場合は、こちらから電話もしくはメールでご連絡させていただきます。
お返事にお時間がかかる場合がありますのでご了承下さい。","販売全般のお仕事をお願いします。
工事もお願いいたします。
応募資格：第二種電気工事士免許をお持ちの方
接客が好きな方、歓迎します！",2,10000,0,0,,,,,,0,,,,,,,0,,,0,,,,,,,,,,,,,,,1,1,0,0,0,0,2,3,0,1,0,1,1,1,1,0,1,平井駅 徒歩6分,販売
hanajima54,1,12,ハナジマでんき54号店,,東京都,江戸川区,,,,,,,,,,,,090-3091-8740,2,月火水木金土日祝,9:00,22:00,,0,3,東京都江戸川区平井4-24-4,,★【第二種電気工事士免許をお持ちの方限定】地元で愛されるでんき屋さんでのお仕事です♪,"●シフトはどんどん相談してください！
行事や家族旅行など、気軽に相談してください☆
プライベートはしっかり充実させます♪

●通勤楽々のお店です☆
駅からすぐなので通勤も楽々♪
にぎわいのある場所なので歩いているだけで楽しい気分♪
バイト前後にお買い物やお食事も楽しめます◎

●仕事以外でも仲良し
気の合うスタッフ同士で遊びに行ったり、お仕事終わりに飲み会をすることも♪
楽しみながら働いて、プライベートも充実！

もちろんお問い合わせだけでも大歓迎です！
工事経験の有無に関わらず積極的にお話を聞きます！
きっと素敵な経験になりますよ♪",7:00,8:00,1,0,1,,,,large.png,応募待ってます！,,,,,,,,,"ネット応募の場合は、こちらから電話もしくはメールでご連絡させていただきます。
お返事にお時間がかかる場合がありますのでご了承下さい。","販売全般のお仕事をお願いします。
工事もお願いいたします。
応募資格：第二種電気工事士免許をお持ちの方
接客が好きな方、歓迎します！",2,10000,0,0,,,,,,0,,,,,,,0,,,0,,,,,,,,,,,,,,,1,1,0,0,0,0,2,3,0,1,0,1,1,1,1,0,1,平井駅 徒歩6分,販売
hanajima55,1,12,ハナジマでんき55号店,,東京都,江戸川区,,,,,,,,,,,,090-3091-8740,2,月火水木金土日祝,9:00,22:00,,0,3,東京都江戸川区平井4-24-4,,★【第二種電気工事士免許をお持ちの方限定】地元で愛されるでんき屋さんでのお仕事です♪,"●シフトはどんどん相談してください！
行事や家族旅行など、気軽に相談してください☆
プライベートはしっかり充実させます♪

●通勤楽々のお店です☆
駅からすぐなので通勤も楽々♪
にぎわいのある場所なので歩いているだけで楽しい気分♪
バイト前後にお買い物やお食事も楽しめます◎

●仕事以外でも仲良し
気の合うスタッフ同士で遊びに行ったり、お仕事終わりに飲み会をすることも♪
楽しみながら働いて、プライベートも充実！

もちろんお問い合わせだけでも大歓迎です！
工事経験の有無に関わらず積極的にお話を聞きます！
きっと素敵な経験になりますよ♪",7:00,8:00,1,0,1,,,,large.png,応募待ってます！,,,,,,,,,"ネット応募の場合は、こちらから電話もしくはメールでご連絡させていただきます。
お返事にお時間がかかる場合がありますのでご了承下さい。","販売全般のお仕事をお願いします。
工事もお願いいたします。
応募資格：第二種電気工事士免許をお持ちの方
接客が好きな方、歓迎します！",2,10000,0,0,,,,,,0,,,,,,,0,,,0,,,,,,,,,,,,,,,1,1,0,0,0,0,2,3,0,1,0,1,1,1,1,0,1,平井駅 徒歩6分,販売
hanajima56,1,12,ハナジマでんき56号店,,東京都,江戸川区,,,,,,,,,,,,090-3091-8740,2,月火水木金土日祝,9:00,22:00,,0,3,東京都江戸川区平井4-24-4,,★【第二種電気工事士免許をお持ちの方限定】地元で愛されるでんき屋さんでのお仕事です♪,"●シフトはどんどん相談してください！
行事や家族旅行など、気軽に相談してください☆
プライベートはしっかり充実させます♪

●通勤楽々のお店です☆
駅からすぐなので通勤も楽々♪
にぎわいのある場所なので歩いているだけで楽しい気分♪
バイト前後にお買い物やお食事も楽しめます◎

●仕事以外でも仲良し
気の合うスタッフ同士で遊びに行ったり、お仕事終わりに飲み会をすることも♪
楽しみながら働いて、プライベートも充実！

もちろんお問い合わせだけでも大歓迎です！
工事経験の有無に関わらず積極的にお話を聞きます！
きっと素敵な経験になりますよ♪",7:00,8:00,1,0,1,,,,large.png,応募待ってます！,,,,,,,,,"ネット応募の場合は、こちらから電話もしくはメールでご連絡させていただきます。
お返事にお時間がかかる場合がありますのでご了承下さい。","販売全般のお仕事をお願いします。
工事もお願いいたします。
応募資格：第二種電気工事士免許をお持ちの方
接客が好きな方、歓迎します！",2,10000,0,0,,,,,,0,,,,,,,0,,,0,,,,,,,,,,,,,,,1,1,0,0,0,0,2,3,0,1,0,1,1,1,1,0,1,平井駅 徒歩6分,販売
hanajima57,1,12,ハナジマでんき57号店,,東京都,江戸川区,,,,,,,,,,,,090-3091-8740,2,月火水木金土日祝,9:00,22:00,,0,3,東京都江戸川区平井4-24-4,,★【第二種電気工事士免許をお持ちの方限定】地元で愛されるでんき屋さんでのお仕事です♪,"●シフトはどんどん相談してください！
行事や家族旅行など、気軽に相談してください☆
プライベートはしっかり充実させます♪

●通勤楽々のお店です☆
駅からすぐなので通勤も楽々♪
にぎわいのある場所なので歩いているだけで楽しい気分♪
バイト前後にお買い物やお食事も楽しめます◎

●仕事以外でも仲良し
気の合うスタッフ同士で遊びに行ったり、お仕事終わりに飲み会をすることも♪
楽しみながら働いて、プライベートも充実！

もちろんお問い合わせだけでも大歓迎です！
工事経験の有無に関わらず積極的にお話を聞きます！
きっと素敵な経験になりますよ♪",7:00,8:00,1,0,1,,,,large.png,応募待ってます！,,,,,,,,,"ネット応募の場合は、こちらから電話もしくはメールでご連絡させていただきます。
お返事にお時間がかかる場合がありますのでご了承下さい。","販売全般のお仕事をお願いします。
工事もお願いいたします。
応募資格：第二種電気工事士免許をお持ちの方
接客が好きな方、歓迎します！",2,10000,0,0,,,,,,0,,,,,,,0,,,0,,,,,,,,,,,,,,,1,1,0,0,0,0,2,3,0,1,0,1,1,1,1,0,1,平井駅 徒歩6分,販売
hanajima58,1,12,ハナジマでんき58号店,,東京都,江戸川区,,,,,,,,,,,,090-3091-8740,2,月火水木金土日祝,9:00,22:00,,0,3,東京都江戸川区平井4-24-4,,★【第二種電気工事士免許をお持ちの方限定】地元で愛されるでんき屋さんでのお仕事です♪,"●シフトはどんどん相談してください！
行事や家族旅行など、気軽に相談してください☆
プライベートはしっかり充実させます♪

●通勤楽々のお店です☆
駅からすぐなので通勤も楽々♪
にぎわいのある場所なので歩いているだけで楽しい気分♪
バイト前後にお買い物やお食事も楽しめます◎

●仕事以外でも仲良し
気の合うスタッフ同士で遊びに行ったり、お仕事終わりに飲み会をすることも♪
楽しみながら働いて、プライベートも充実！

もちろんお問い合わせだけでも大歓迎です！
工事経験の有無に関わらず積極的にお話を聞きます！
きっと素敵な経験になりますよ♪",7:00,8:00,1,0,1,,,,large.png,応募待ってます！,,,,,,,,,"ネット応募の場合は、こちらから電話もしくはメールでご連絡させていただきます。
お返事にお時間がかかる場合がありますのでご了承下さい。","販売全般のお仕事をお願いします。
工事もお願いいたします。
応募資格：第二種電気工事士免許をお持ちの方
接客が好きな方、歓迎します！",2,10000,0,0,,,,,,0,,,,,,,0,,,0,,,,,,,,,,,,,,,1,1,0,0,0,0,2,3,0,1,0,1,1,1,1,0,1,平井駅 徒歩6分,販売
hanajima59,1,12,ハナジマでんき59号店,,東京都,江戸川区,,,,,,,,,,,,090-3091-8740,2,月火水木金土日祝,9:00,22:00,,0,3,東京都江戸川区平井4-24-4,,★【第二種電気工事士免許をお持ちの方限定】地元で愛されるでんき屋さんでのお仕事です♪,"●シフトはどんどん相談してください！
行事や家族旅行など、気軽に相談してください☆
プライベートはしっかり充実させます♪

●通勤楽々のお店です☆
駅からすぐなので通勤も楽々♪
にぎわいのある場所なので歩いているだけで楽しい気分♪
バイト前後にお買い物やお食事も楽しめます◎

●仕事以外でも仲良し
気の合うスタッフ同士で遊びに行ったり、お仕事終わりに飲み会をすることも♪
楽しみながら働いて、プライベートも充実！

もちろんお問い合わせだけでも大歓迎です！
工事経験の有無に関わらず積極的にお話を聞きます！
きっと素敵な経験になりますよ♪",7:00,8:00,1,0,1,,,,large.png,応募待ってます！,,,,,,,,,"ネット応募の場合は、こちらから電話もしくはメールでご連絡させていただきます。
お返事にお時間がかかる場合がありますのでご了承下さい。","販売全般のお仕事をお願いします。
工事もお願いいたします。
応募資格：第二種電気工事士免許をお持ちの方
接客が好きな方、歓迎します！",2,10000,0,0,,,,,,0,,,,,,,0,,,0,,,,,,,,,,,,,,,1,1,0,0,0,0,2,3,0,1,0,1,1,1,1,0,1,平井駅 徒歩6分,販売
hanajima60,1,12,ハナジマでんき60号店,,東京都,江戸川区,,,,,,,,,,,,090-3091-8740,2,月火水木金土日祝,9:00,22:00,,0,3,東京都江戸川区平井4-24-4,,★【第二種電気工事士免許をお持ちの方限定】地元で愛されるでんき屋さんでのお仕事です♪,"●シフトはどんどん相談してください！
行事や家族旅行など、気軽に相談してください☆
プライベートはしっかり充実させます♪

●通勤楽々のお店です☆
駅からすぐなので通勤も楽々♪
にぎわいのある場所なので歩いているだけで楽しい気分♪
バイト前後にお買い物やお食事も楽しめます◎

●仕事以外でも仲良し
気の合うスタッフ同士で遊びに行ったり、お仕事終わりに飲み会をすることも♪
楽しみながら働いて、プライベートも充実！

もちろんお問い合わせだけでも大歓迎です！
工事経験の有無に関わらず積極的にお話を聞きます！
きっと素敵な経験になりますよ♪",7:00,8:00,1,0,1,,,,large.png,応募待ってます！,,,,,,,,,"ネット応募の場合は、こちらから電話もしくはメールでご連絡させていただきます。
お返事にお時間がかかる場合がありますのでご了承下さい。","販売全般のお仕事をお願いします。
工事もお願いいたします。
応募資格：第二種電気工事士免許をお持ちの方
接客が好きな方、歓迎します！",2,10000,0,0,,,,,,0,,,,,,,0,,,0,,,,,,,,,,,,,,,1,1,0,0,0,0,2,3,0,1,0,1,1,1,1,0,1,平井駅 徒歩6分,販売
hanajima61,1,12,ハナジマでんき61号店,,東京都,江戸川区,,,,,,,,,,,,090-3091-8740,2,月火水木金土日祝,9:00,22:00,,0,3,東京都江戸川区平井4-24-4,,★【第二種電気工事士免許をお持ちの方限定】地元で愛されるでんき屋さんでのお仕事です♪,"●シフトはどんどん相談してください！
行事や家族旅行など、気軽に相談してください☆
プライベートはしっかり充実させます♪

●通勤楽々のお店です☆
駅からすぐなので通勤も楽々♪
にぎわいのある場所なので歩いているだけで楽しい気分♪
バイト前後にお買い物やお食事も楽しめます◎

●仕事以外でも仲良し
気の合うスタッフ同士で遊びに行ったり、お仕事終わりに飲み会をすることも♪
楽しみながら働いて、プライベートも充実！

もちろんお問い合わせだけでも大歓迎です！
工事経験の有無に関わらず積極的にお話を聞きます！
きっと素敵な経験になりますよ♪",7:00,8:00,1,0,1,,,,large.png,応募待ってます！,,,,,,,,,"ネット応募の場合は、こちらから電話もしくはメールでご連絡させていただきます。
お返事にお時間がかかる場合がありますのでご了承下さい。","販売全般のお仕事をお願いします。
工事もお願いいたします。
応募資格：第二種電気工事士免許をお持ちの方
接客が好きな方、歓迎します！",2,10000,0,0,,,,,,0,,,,,,,0,,,0,,,,,,,,,,,,,,,1,1,0,0,0,0,2,3,0,1,0,1,1,1,1,0,1,平井駅 徒歩6分,販売
hanajima62,1,12,ハナジマでんき62号店,,東京都,江戸川区,,,,,,,,,,,,090-3091-8740,2,月火水木金土日祝,9:00,22:00,,0,3,東京都江戸川区平井4-24-4,,★【第二種電気工事士免許をお持ちの方限定】地元で愛されるでんき屋さんでのお仕事です♪,"●シフトはどんどん相談してください！
行事や家族旅行など、気軽に相談してください☆
プライベートはしっかり充実させます♪

●通勤楽々のお店です☆
駅からすぐなので通勤も楽々♪
にぎわいのある場所なので歩いているだけで楽しい気分♪
バイト前後にお買い物やお食事も楽しめます◎

●仕事以外でも仲良し
気の合うスタッフ同士で遊びに行ったり、お仕事終わりに飲み会をすることも♪
楽しみながら働いて、プライベートも充実！

もちろんお問い合わせだけでも大歓迎です！
工事経験の有無に関わらず積極的にお話を聞きます！
きっと素敵な経験になりますよ♪",7:00,8:00,1,0,1,,,,large.png,応募待ってます！,,,,,,,,,"ネット応募の場合は、こちらから電話もしくはメールでご連絡させていただきます。
お返事にお時間がかかる場合がありますのでご了承下さい。","販売全般のお仕事をお願いします。
工事もお願いいたします。
応募資格：第二種電気工事士免許をお持ちの方
接客が好きな方、歓迎します！",2,10000,0,0,,,,,,0,,,,,,,0,,,0,,,,,,,,,,,,,,,1,1,0,0,0,0,2,3,0,1,0,1,1,1,1,0,1,平井駅 徒歩6分,販売
hanajima63,1,12,ハナジマでんき63号店,,東京都,江戸川区,,,,,,,,,,,,090-3091-8740,2,月火水木金土日祝,9:00,22:00,,0,3,東京都江戸川区平井4-24-4,,★【第二種電気工事士免許をお持ちの方限定】地元で愛されるでんき屋さんでのお仕事です♪,"●シフトはどんどん相談してください！
行事や家族旅行など、気軽に相談してください☆
プライベートはしっかり充実させます♪

●通勤楽々のお店です☆
駅からすぐなので通勤も楽々♪
にぎわいのある場所なので歩いているだけで楽しい気分♪
バイト前後にお買い物やお食事も楽しめます◎

●仕事以外でも仲良し
気の合うスタッフ同士で遊びに行ったり、お仕事終わりに飲み会をすることも♪
楽しみながら働いて、プライベートも充実！

もちろんお問い合わせだけでも大歓迎です！
工事経験の有無に関わらず積極的にお話を聞きます！
きっと素敵な経験になりますよ♪",7:00,8:00,1,0,1,,,,large.png,応募待ってます！,,,,,,,,,"ネット応募の場合は、こちらから電話もしくはメールでご連絡させていただきます。
お返事にお時間がかかる場合がありますのでご了承下さい。","販売全般のお仕事をお願いします。
工事もお願いいたします。
応募資格：第二種電気工事士免許をお持ちの方
接客が好きな方、歓迎します！",2,10000,0,0,,,,,,0,,,,,,,0,,,0,,,,,,,,,,,,,,,1,1,0,0,0,0,2,3,0,1,0,1,1,1,1,0,1,平井駅 徒歩6分,販売
hanajima64,1,12,ハナジマでんき64号店,,東京都,江戸川区,,,,,,,,,,,,090-3091-8740,2,月火水木金土日祝,9:00,22:00,,0,3,東京都江戸川区平井4-24-4,,★【第二種電気工事士免許をお持ちの方限定】地元で愛されるでんき屋さんでのお仕事です♪,"●シフトはどんどん相談してください！
行事や家族旅行など、気軽に相談してください☆
プライベートはしっかり充実させます♪

●通勤楽々のお店です☆
駅からすぐなので通勤も楽々♪
にぎわいのある場所なので歩いているだけで楽しい気分♪
バイト前後にお買い物やお食事も楽しめます◎

●仕事以外でも仲良し
気の合うスタッフ同士で遊びに行ったり、お仕事終わりに飲み会をすることも♪
楽しみながら働いて、プライベートも充実！

もちろんお問い合わせだけでも大歓迎です！
工事経験の有無に関わらず積極的にお話を聞きます！
きっと素敵な経験になりますよ♪",7:00,8:00,1,0,1,,,,large.png,応募待ってます！,,,,,,,,,"ネット応募の場合は、こちらから電話もしくはメールでご連絡させていただきます。
お返事にお時間がかかる場合がありますのでご了承下さい。","販売全般のお仕事をお願いします。
工事もお願いいたします。
応募資格：第二種電気工事士免許をお持ちの方
接客が好きな方、歓迎します！",2,10000,0,0,,,,,,0,,,,,,,0,,,0,,,,,,,,,,,,,,,1,1,0,0,0,0,2,3,0,1,0,1,1,1,1,0,1,平井駅 徒歩6分,販売
hanajima65,1,12,ハナジマでんき65号店,,東京都,江戸川区,,,,,,,,,,,,090-3091-8740,2,月火水木金土日祝,9:00,22:00,,0,3,東京都江戸川区平井4-24-4,,★【第二種電気工事士免許をお持ちの方限定】地元で愛されるでんき屋さんでのお仕事です♪,"●シフトはどんどん相談してください！
行事や家族旅行など、気軽に相談してください☆
プライベートはしっかり充実させます♪

●通勤楽々のお店です☆
駅からすぐなので通勤も楽々♪
にぎわいのある場所なので歩いているだけで楽しい気分♪
バイト前後にお買い物やお食事も楽しめます◎

●仕事以外でも仲良し
気の合うスタッフ同士で遊びに行ったり、お仕事終わりに飲み会をすることも♪
楽しみながら働いて、プライベートも充実！

もちろんお問い合わせだけでも大歓迎です！
工事経験の有無に関わらず積極的にお話を聞きます！
きっと素敵な経験になりますよ♪",7:00,8:00,1,0,1,,,,large.png,応募待ってます！,,,,,,,,,"ネット応募の場合は、こちらから電話もしくはメールでご連絡させていただきます。
お返事にお時間がかかる場合がありますのでご了承下さい。","販売全般のお仕事をお願いします。
工事もお願いいたします。
応募資格：第二種電気工事士免許をお持ちの方
接客が好きな方、歓迎します！",2,10000,0,0,,,,,,0,,,,,,,0,,,0,,,,,,,,,,,,,,,1,1,0,0,0,0,2,3,0,1,0,1,1,1,1,0,1,平井駅 徒歩6分,販売
hanajima66,1,12,ハナジマでんき66号店,,東京都,江戸川区,,,,,,,,,,,,090-3091-8740,2,月火水木金土日祝,9:00,22:00,,0,3,東京都江戸川区平井4-24-4,,★【第二種電気工事士免許をお持ちの方限定】地元で愛されるでんき屋さんでのお仕事です♪,"●シフトはどんどん相談してください！
行事や家族旅行など、気軽に相談してください☆
プライベートはしっかり充実させます♪

●通勤楽々のお店です☆
駅からすぐなので通勤も楽々♪
にぎわいのある場所なので歩いているだけで楽しい気分♪
バイト前後にお買い物やお食事も楽しめます◎

●仕事以外でも仲良し
気の合うスタッフ同士で遊びに行ったり、お仕事終わりに飲み会をすることも♪
楽しみながら働いて、プライベートも充実！

もちろんお問い合わせだけでも大歓迎です！
工事経験の有無に関わらず積極的にお話を聞きます！
きっと素敵な経験になりますよ♪",7:00,8:00,1,0,1,,,,large.png,応募待ってます！,,,,,,,,,"ネット応募の場合は、こちらから電話もしくはメールでご連絡させていただきます。
お返事にお時間がかかる場合がありますのでご了承下さい。","販売全般のお仕事をお願いします。
工事もお願いいたします。
応募資格：第二種電気工事士免許をお持ちの方
接客が好きな方、歓迎します！",2,10000,0,0,,,,,,0,,,,,,,0,,,0,,,,,,,,,,,,,,,1,1,0,0,0,0,2,3,0,1,0,1,1,1,1,0,1,平井駅 徒歩6分,販売
hanajima67,1,12,ハナジマでんき67号店,,東京都,江戸川区,,,,,,,,,,,,090-3091-8740,2,月火水木金土日祝,9:00,22:00,,0,3,東京都江戸川区平井4-24-4,,★【第二種電気工事士免許をお持ちの方限定】地元で愛されるでんき屋さんでのお仕事です♪,"●シフトはどんどん相談してください！
行事や家族旅行など、気軽に相談してください☆
プライベートはしっかり充実させます♪

●通勤楽々のお店です☆
駅からすぐなので通勤も楽々♪
にぎわいのある場所なので歩いているだけで楽しい気分♪
バイト前後にお買い物やお食事も楽しめます◎

●仕事以外でも仲良し
気の合うスタッフ同士で遊びに行ったり、お仕事終わりに飲み会をすることも♪
楽しみながら働いて、プライベートも充実！

もちろんお問い合わせだけでも大歓迎です！
工事経験の有無に関わらず積極的にお話を聞きます！
きっと素敵な経験になりますよ♪",7:00,8:00,1,0,1,,,,large.png,応募待ってます！,,,,,,,,,"ネット応募の場合は、こちらから電話もしくはメールでご連絡させていただきます。
お返事にお時間がかかる場合がありますのでご了承下さい。","販売全般のお仕事をお願いします。
工事もお願いいたします。
応募資格：第二種電気工事士免許をお持ちの方
接客が好きな方、歓迎します！",2,10000,0,0,,,,,,0,,,,,,,0,,,0,,,,,,,,,,,,,,,1,1,0,0,0,0,2,3,0,1,0,1,1,1,1,0,1,平井駅 徒歩6分,販売
hanajima68,1,12,ハナジマでんき68号店,,東京都,江戸川区,,,,,,,,,,,,090-3091-8740,2,月火水木金土日祝,9:00,22:00,,0,3,東京都江戸川区平井4-24-4,,★【第二種電気工事士免許をお持ちの方限定】地元で愛されるでんき屋さんでのお仕事です♪,"●シフトはどんどん相談してください！
行事や家族旅行など、気軽に相談してください☆
プライベートはしっかり充実させます♪

●通勤楽々のお店です☆
駅からすぐなので通勤も楽々♪
にぎわいのある場所なので歩いているだけで楽しい気分♪
バイト前後にお買い物やお食事も楽しめます◎

●仕事以外でも仲良し
気の合うスタッフ同士で遊びに行ったり、お仕事終わりに飲み会をすることも♪
楽しみながら働いて、プライベートも充実！

もちろんお問い合わせだけでも大歓迎です！
工事経験の有無に関わらず積極的にお話を聞きます！
きっと素敵な経験になりますよ♪",7:00,8:00,1,0,1,,,,large.png,応募待ってます！,,,,,,,,,"ネット応募の場合は、こちらから電話もしくはメールでご連絡させていただきます。
お返事にお時間がかかる場合がありますのでご了承下さい。","販売全般のお仕事をお願いします。
工事もお願いいたします。
応募資格：第二種電気工事士免許をお持ちの方
接客が好きな方、歓迎します！",2,10000,0,0,,,,,,0,,,,,,,0,,,0,,,,,,,,,,,,,,,1,1,0,0,0,0,2,3,0,1,0,1,1,1,1,0,1,平井駅 徒歩6分,販売
hanajima69,1,12,ハナジマでんき69号店,,東京都,江戸川区,,,,,,,,,,,,090-3091-8740,2,月火水木金土日祝,9:00,22:00,,0,3,東京都江戸川区平井4-24-4,,★【第二種電気工事士免許をお持ちの方限定】地元で愛されるでんき屋さんでのお仕事です♪,"●シフトはどんどん相談してください！
行事や家族旅行など、気軽に相談してください☆
プライベートはしっかり充実させます♪

●通勤楽々のお店です☆
駅からすぐなので通勤も楽々♪
にぎわいのある場所なので歩いているだけで楽しい気分♪
バイト前後にお買い物やお食事も楽しめます◎

●仕事以外でも仲良し
気の合うスタッフ同士で遊びに行ったり、お仕事終わりに飲み会をすることも♪
楽しみながら働いて、プライベートも充実！

もちろんお問い合わせだけでも大歓迎です！
工事経験の有無に関わらず積極的にお話を聞きます！
きっと素敵な経験になりますよ♪",7:00,8:00,1,0,1,,,,large.png,応募待ってます！,,,,,,,,,"ネット応募の場合は、こちらから電話もしくはメールでご連絡させていただきます。
お返事にお時間がかかる場合がありますのでご了承下さい。","販売全般のお仕事をお願いします。
工事もお願いいたします。
応募資格：第二種電気工事士免許をお持ちの方
接客が好きな方、歓迎します！",2,10000,0,0,,,,,,0,,,,,,,0,,,0,,,,,,,,,,,,,,,1,1,0,0,0,0,2,3,0,1,0,1,1,1,1,0,1,平井駅 徒歩6分,販売
hanajima70,1,12,ハナジマでんき70号店,,東京都,江戸川区,,,,,,,,,,,,090-3091-8740,2,月火水木金土日祝,9:00,22:00,,0,3,東京都江戸川区平井4-24-4,,★【第二種電気工事士免許をお持ちの方限定】地元で愛されるでんき屋さんでのお仕事です♪,"●シフトはどんどん相談してください！
行事や家族旅行など、気軽に相談してください☆
プライベートはしっかり充実させます♪

●通勤楽々のお店です☆
駅からすぐなので通勤も楽々♪
にぎわいのある場所なので歩いているだけで楽しい気分♪
バイト前後にお買い物やお食事も楽しめます◎

●仕事以外でも仲良し
気の合うスタッフ同士で遊びに行ったり、お仕事終わりに飲み会をすることも♪
楽しみながら働いて、プライベートも充実！

もちろんお問い合わせだけでも大歓迎です！
工事経験の有無に関わらず積極的にお話を聞きます！
きっと素敵な経験になりますよ♪",7:00,8:00,1,0,1,,,,large.png,応募待ってます！,,,,,,,,,"ネット応募の場合は、こちらから電話もしくはメールでご連絡させていただきます。
お返事にお時間がかかる場合がありますのでご了承下さい。","販売全般のお仕事をお願いします。
工事もお願いいたします。
応募資格：第二種電気工事士免許をお持ちの方
接客が好きな方、歓迎します！",2,10000,0,0,,,,,,0,,,,,,,0,,,0,,,,,,,,,,,,,,,1,1,0,0,0,0,2,3,0,1,0,1,1,1,1,0,1,平井駅 徒歩6分,販売
hanajima71,1,12,ハナジマでんき71号店,,東京都,江戸川区,,,,,,,,,,,,090-3091-8740,2,月火水木金土日祝,9:00,22:00,,0,3,東京都江戸川区平井4-24-4,,★【第二種電気工事士免許をお持ちの方限定】地元で愛されるでんき屋さんでのお仕事です♪,"●シフトはどんどん相談してください！
行事や家族旅行など、気軽に相談してください☆
プライベートはしっかり充実させます♪

●通勤楽々のお店です☆
駅からすぐなので通勤も楽々♪
にぎわいのある場所なので歩いているだけで楽しい気分♪
バイト前後にお買い物やお食事も楽しめます◎

●仕事以外でも仲良し
気の合うスタッフ同士で遊びに行ったり、お仕事終わりに飲み会をすることも♪
楽しみながら働いて、プライベートも充実！

もちろんお問い合わせだけでも大歓迎です！
工事経験の有無に関わらず積極的にお話を聞きます！
きっと素敵な経験になりますよ♪",7:00,8:00,1,0,1,,,,large.png,応募待ってます！,,,,,,,,,"ネット応募の場合は、こちらから電話もしくはメールでご連絡させていただきます。
お返事にお時間がかかる場合がありますのでご了承下さい。","販売全般のお仕事をお願いします。
工事もお願いいたします。
応募資格：第二種電気工事士免許をお持ちの方
接客が好きな方、歓迎します！",2,10000,0,0,,,,,,0,,,,,,,0,,,0,,,,,,,,,,,,,,,1,1,0,0,0,0,2,3,0,1,0,1,1,1,1,0,1,平井駅 徒歩6分,販売
hanajima72,1,12,ハナジマでんき72号店,,東京都,江戸川区,,,,,,,,,,,,090-3091-8740,2,月火水木金土日祝,9:00,22:00,,0,3,東京都江戸川区平井4-24-4,,★【第二種電気工事士免許をお持ちの方限定】地元で愛されるでんき屋さんでのお仕事です♪,"●シフトはどんどん相談してください！
行事や家族旅行など、気軽に相談してください☆
プライベートはしっかり充実させます♪

●通勤楽々のお店です☆
駅からすぐなので通勤も楽々♪
にぎわいのある場所なので歩いているだけで楽しい気分♪
バイト前後にお買い物やお食事も楽しめます◎

●仕事以外でも仲良し
気の合うスタッフ同士で遊びに行ったり、お仕事終わりに飲み会をすることも♪
楽しみながら働いて、プライベートも充実！

もちろんお問い合わせだけでも大歓迎です！
工事経験の有無に関わらず積極的にお話を聞きます！
きっと素敵な経験になりますよ♪",7:00,8:00,1,0,1,,,,large.png,応募待ってます！,,,,,,,,,"ネット応募の場合は、こちらから電話もしくはメールでご連絡させていただきます。
お返事にお時間がかかる場合がありますのでご了承下さい。","販売全般のお仕事をお願いします。
工事もお願いいたします。
応募資格：第二種電気工事士免許をお持ちの方
接客が好きな方、歓迎します！",2,10000,0,0,,,,,,0,,,,,,,0,,,0,,,,,,,,,,,,,,,1,1,0,0,0,0,2,3,0,1,0,1,1,1,1,0,1,平井駅 徒歩6分,販売
hanajima73,1,12,ハナジマでんき73号店,,東京都,江戸川区,,,,,,,,,,,,090-3091-8740,2,月火水木金土日祝,9:00,22:00,,0,3,東京都江戸川区平井4-24-4,,★【第二種電気工事士免許をお持ちの方限定】地元で愛されるでんき屋さんでのお仕事です♪,"●シフトはどんどん相談してください！
行事や家族旅行など、気軽に相談してください☆
プライベートはしっかり充実させます♪

●通勤楽々のお店です☆
駅からすぐなので通勤も楽々♪
にぎわいのある場所なので歩いているだけで楽しい気分♪
バイト前後にお買い物やお食事も楽しめます◎

●仕事以外でも仲良し
気の合うスタッフ同士で遊びに行ったり、お仕事終わりに飲み会をすることも♪
楽しみながら働いて、プライベートも充実！

もちろんお問い合わせだけでも大歓迎です！
工事経験の有無に関わらず積極的にお話を聞きます！
きっと素敵な経験になりますよ♪",7:00,8:00,1,0,1,,,,large.png,応募待ってます！,,,,,,,,,"ネット応募の場合は、こちらから電話もしくはメールでご連絡させていただきます。
お返事にお時間がかかる場合がありますのでご了承下さい。","販売全般のお仕事をお願いします。
工事もお願いいたします。
応募資格：第二種電気工事士免許をお持ちの方
接客が好きな方、歓迎します！",2,10000,0,0,,,,,,0,,,,,,,0,,,0,,,,,,,,,,,,,,,1,1,0,0,0,0,2,3,0,1,0,1,1,1,1,0,1,平井駅 徒歩6分,販売
hanajima74,1,12,ハナジマでんき74号店,,東京都,江戸川区,,,,,,,,,,,,090-3091-8740,2,月火水木金土日祝,9:00,22:00,,0,3,東京都江戸川区平井4-24-4,,★【第二種電気工事士免許をお持ちの方限定】地元で愛されるでんき屋さんでのお仕事です♪,"●シフトはどんどん相談してください！
行事や家族旅行など、気軽に相談してください☆
プライベートはしっかり充実させます♪

●通勤楽々のお店です☆
駅からすぐなので通勤も楽々♪
にぎわいのある場所なので歩いているだけで楽しい気分♪
バイト前後にお買い物やお食事も楽しめます◎

●仕事以外でも仲良し
気の合うスタッフ同士で遊びに行ったり、お仕事終わりに飲み会をすることも♪
楽しみながら働いて、プライベートも充実！

もちろんお問い合わせだけでも大歓迎です！
工事経験の有無に関わらず積極的にお話を聞きます！
きっと素敵な経験になりますよ♪",7:00,8:00,1,0,1,,,,large.png,応募待ってます！,,,,,,,,,"ネット応募の場合は、こちらから電話もしくはメールでご連絡させていただきます。
お返事にお時間がかかる場合がありますのでご了承下さい。","販売全般のお仕事をお願いします。
工事もお願いいたします。
応募資格：第二種電気工事士免許をお持ちの方
接客が好きな方、歓迎します！",2,10000,0,0,,,,,,0,,,,,,,0,,,0,,,,,,,,,,,,,,,1,1,0,0,0,0,2,3,0,1,0,1,1,1,1,0,1,平井駅 徒歩6分,販売
hanajima75,1,12,ハナジマでんき75号店,,東京都,江戸川区,,,,,,,,,,,,090-3091-8740,2,月火水木金土日祝,9:00,22:00,,0,3,東京都江戸川区平井4-24-4,,★【第二種電気工事士免許をお持ちの方限定】地元で愛されるでんき屋さんでのお仕事です♪,"●シフトはどんどん相談してください！
行事や家族旅行など、気軽に相談してください☆
プライベートはしっかり充実させます♪

●通勤楽々のお店です☆
駅からすぐなので通勤も楽々♪
にぎわいのある場所なので歩いているだけで楽しい気分♪
バイト前後にお買い物やお食事も楽しめます◎

●仕事以外でも仲良し
気の合うスタッフ同士で遊びに行ったり、お仕事終わりに飲み会をすることも♪
楽しみながら働いて、プライベートも充実！

もちろんお問い合わせだけでも大歓迎です！
工事経験の有無に関わらず積極的にお話を聞きます！
きっと素敵な経験になりますよ♪",7:00,8:00,1,0,1,,,,large.png,応募待ってます！,,,,,,,,,"ネット応募の場合は、こちらから電話もしくはメールでご連絡させていただきます。
お返事にお時間がかかる場合がありますのでご了承下さい。","販売全般のお仕事をお願いします。
工事もお願いいたします。
応募資格：第二種電気工事士免許をお持ちの方
接客が好きな方、歓迎します！",2,10000,0,0,,,,,,0,,,,,,,0,,,0,,,,,,,,,,,,,,,1,1,0,0,0,0,2,3,0,1,0,1,1,1,1,0,1,平井駅 徒歩6分,販売
hanajima76,1,12,ハナジマでんき76号店,,東京都,江戸川区,,,,,,,,,,,,090-3091-8740,2,月火水木金土日祝,9:00,22:00,,0,3,東京都江戸川区平井4-24-4,,★【第二種電気工事士免許をお持ちの方限定】地元で愛されるでんき屋さんでのお仕事です♪,"●シフトはどんどん相談してください！
行事や家族旅行など、気軽に相談してください☆
プライベートはしっかり充実させます♪

●通勤楽々のお店です☆
駅からすぐなので通勤も楽々♪
にぎわいのある場所なので歩いているだけで楽しい気分♪
バイト前後にお買い物やお食事も楽しめます◎

●仕事以外でも仲良し
気の合うスタッフ同士で遊びに行ったり、お仕事終わりに飲み会をすることも♪
楽しみながら働いて、プライベートも充実！

もちろんお問い合わせだけでも大歓迎です！
工事経験の有無に関わらず積極的にお話を聞きます！
きっと素敵な経験になりますよ♪",7:00,8:00,1,0,1,,,,large.png,応募待ってます！,,,,,,,,,"ネット応募の場合は、こちらから電話もしくはメールでご連絡させていただきます。
お返事にお時間がかかる場合がありますのでご了承下さい。","販売全般のお仕事をお願いします。
工事もお願いいたします。
応募資格：第二種電気工事士免許をお持ちの方
接客が好きな方、歓迎します！",2,10000,0,0,,,,,,0,,,,,,,0,,,0,,,,,,,,,,,,,,,1,1,0,0,0,0,2,3,0,1,0,1,1,1,1,0,1,平井駅 徒歩6分,販売
hanajima77,1,12,ハナジマでんき77号店,,東京都,江戸川区,,,,,,,,,,,,090-3091-8740,2,月火水木金土日祝,9:00,22:00,,0,3,東京都江戸川区平井4-24-4,,★【第二種電気工事士免許をお持ちの方限定】地元で愛されるでんき屋さんでのお仕事です♪,"●シフトはどんどん相談してください！
行事や家族旅行など、気軽に相談してください☆
プライベートはしっかり充実させます♪

●通勤楽々のお店です☆
駅からすぐなので通勤も楽々♪
にぎわいのある場所なので歩いているだけで楽しい気分♪
バイト前後にお買い物やお食事も楽しめます◎

●仕事以外でも仲良し
気の合うスタッフ同士で遊びに行ったり、お仕事終わりに飲み会をすることも♪
楽しみながら働いて、プライベートも充実！

もちろんお問い合わせだけでも大歓迎です！
工事経験の有無に関わらず積極的にお話を聞きます！
きっと素敵な経験になりますよ♪",7:00,8:00,1,0,1,,,,large.png,応募待ってます！,,,,,,,,,"ネット応募の場合は、こちらから電話もしくはメールでご連絡させていただきます。
お返事にお時間がかかる場合がありますのでご了承下さい。","販売全般のお仕事をお願いします。
工事もお願いいたします。
応募資格：第二種電気工事士免許をお持ちの方
接客が好きな方、歓迎します！",2,10000,0,0,,,,,,0,,,,,,,0,,,0,,,,,,,,,,,,,,,1,1,0,0,0,0,2,3,0,1,0,1,1,1,1,0,1,平井駅 徒歩6分,販売
hanajima78,1,12,ハナジマでんき78号店,,東京都,江戸川区,,,,,,,,,,,,090-3091-8740,2,月火水木金土日祝,9:00,22:00,,0,3,東京都江戸川区平井4-24-4,,★【第二種電気工事士免許をお持ちの方限定】地元で愛されるでんき屋さんでのお仕事です♪,"●シフトはどんどん相談してください！
行事や家族旅行など、気軽に相談してください☆
プライベートはしっかり充実させます♪

●通勤楽々のお店です☆
駅からすぐなので通勤も楽々♪
にぎわいのある場所なので歩いているだけで楽しい気分♪
バイト前後にお買い物やお食事も楽しめます◎

●仕事以外でも仲良し
気の合うスタッフ同士で遊びに行ったり、お仕事終わりに飲み会をすることも♪
楽しみながら働いて、プライベートも充実！

もちろんお問い合わせだけでも大歓迎です！
工事経験の有無に関わらず積極的にお話を聞きます！
きっと素敵な経験になりますよ♪",7:00,8:00,1,0,1,,,,large.png,応募待ってます！,,,,,,,,,"ネット応募の場合は、こちらから電話もしくはメールでご連絡させていただきます。
お返事にお時間がかかる場合がありますのでご了承下さい。","販売全般のお仕事をお願いします。
工事もお願いいたします。
応募資格：第二種電気工事士免許をお持ちの方
接客が好きな方、歓迎します！",2,10000,0,0,,,,,,0,,,,,,,0,,,0,,,,,,,,,,,,,,,1,1,0,0,0,0,2,3,0,1,0,1,1,1,1,0,1,平井駅 徒歩6分,販売
hanajima79,1,12,ハナジマでんき79号店,,東京都,江戸川区,,,,,,,,,,,,090-3091-8740,2,月火水木金土日祝,9:00,22:00,,0,3,東京都江戸川区平井4-24-4,,★【第二種電気工事士免許をお持ちの方限定】地元で愛されるでんき屋さんでのお仕事です♪,"●シフトはどんどん相談してください！
行事や家族旅行など、気軽に相談してください☆
プライベートはしっかり充実させます♪

●通勤楽々のお店です☆
駅からすぐなので通勤も楽々♪
にぎわいのある場所なので歩いているだけで楽しい気分♪
バイト前後にお買い物やお食事も楽しめます◎

●仕事以外でも仲良し
気の合うスタッフ同士で遊びに行ったり、お仕事終わりに飲み会をすることも♪
楽しみながら働いて、プライベートも充実！

もちろんお問い合わせだけでも大歓迎です！
工事経験の有無に関わらず積極的にお話を聞きます！
きっと素敵な経験になりますよ♪",7:00,8:00,1,0,1,,,,large.png,応募待ってます！,,,,,,,,,"ネット応募の場合は、こちらから電話もしくはメールでご連絡させていただきます。
お返事にお時間がかかる場合がありますのでご了承下さい。","販売全般のお仕事をお願いします。
工事もお願いいたします。
応募資格：第二種電気工事士免許をお持ちの方
接客が好きな方、歓迎します！",2,10000,0,0,,,,,,0,,,,,,,0,,,0,,,,,,,,,,,,,,,1,1,0,0,0,0,2,3,0,1,0,1,1,1,1,0,1,平井駅 徒歩6分,販売
hanajima80,1,12,ハナジマでんき80号店,,東京都,江戸川区,,,,,,,,,,,,090-3091-8740,2,月火水木金土日祝,9:00,22:00,,0,3,東京都江戸川区平井4-24-4,,★【第二種電気工事士免許をお持ちの方限定】地元で愛されるでんき屋さんでのお仕事です♪,"●シフトはどんどん相談してください！
行事や家族旅行など、気軽に相談してください☆
プライベートはしっかり充実させます♪

●通勤楽々のお店です☆
駅からすぐなので通勤も楽々♪
にぎわいのある場所なので歩いているだけで楽しい気分♪
バイト前後にお買い物やお食事も楽しめます◎

●仕事以外でも仲良し
気の合うスタッフ同士で遊びに行ったり、お仕事終わりに飲み会をすることも♪
楽しみながら働いて、プライベートも充実！

もちろんお問い合わせだけでも大歓迎です！
工事経験の有無に関わらず積極的にお話を聞きます！
きっと素敵な経験になりますよ♪",7:00,8:00,1,0,1,,,,large.png,応募待ってます！,,,,,,,,,"ネット応募の場合は、こちらから電話もしくはメールでご連絡させていただきます。
お返事にお時間がかかる場合がありますのでご了承下さい。","販売全般のお仕事をお願いします。
工事もお願いいたします。
応募資格：第二種電気工事士免許をお持ちの方
接客が好きな方、歓迎します！",2,10000,0,0,,,,,,0,,,,,,,0,,,0,,,,,,,,,,,,,,,1,1,0,0,0,0,2,3,0,1,0,1,1,1,1,0,1,平井駅 徒歩6分,販売
hanajima81,1,12,ハナジマでんき81号店,,東京都,江戸川区,,,,,,,,,,,,090-3091-8740,2,月火水木金土日祝,9:00,22:00,,0,3,東京都江戸川区平井4-24-4,,★【第二種電気工事士免許をお持ちの方限定】地元で愛されるでんき屋さんでのお仕事です♪,"●シフトはどんどん相談してください！
行事や家族旅行など、気軽に相談してください☆
プライベートはしっかり充実させます♪

●通勤楽々のお店です☆
駅からすぐなので通勤も楽々♪
にぎわいのある場所なので歩いているだけで楽しい気分♪
バイト前後にお買い物やお食事も楽しめます◎

●仕事以外でも仲良し
気の合うスタッフ同士で遊びに行ったり、お仕事終わりに飲み会をすることも♪
楽しみながら働いて、プライベートも充実！

もちろんお問い合わせだけでも大歓迎です！
工事経験の有無に関わらず積極的にお話を聞きます！
きっと素敵な経験になりますよ♪",7:00,8:00,1,0,1,,,,large.png,応募待ってます！,,,,,,,,,"ネット応募の場合は、こちらから電話もしくはメールでご連絡させていただきます。
お返事にお時間がかかる場合がありますのでご了承下さい。","販売全般のお仕事をお願いします。
工事もお願いいたします。
応募資格：第二種電気工事士免許をお持ちの方
接客が好きな方、歓迎します！",2,10000,0,0,,,,,,0,,,,,,,0,,,0,,,,,,,,,,,,,,,1,1,0,0,0,0,2,3,0,1,0,1,1,1,1,0,1,平井駅 徒歩6分,販売
hanajima82,1,12,ハナジマでんき82号店,,東京都,江戸川区,,,,,,,,,,,,090-3091-8740,2,月火水木金土日祝,9:00,22:00,,0,3,東京都江戸川区平井4-24-4,,★【第二種電気工事士免許をお持ちの方限定】地元で愛されるでんき屋さんでのお仕事です♪,"●シフトはどんどん相談してください！
行事や家族旅行など、気軽に相談してください☆
プライベートはしっかり充実させます♪

●通勤楽々のお店です☆
駅からすぐなので通勤も楽々♪
にぎわいのある場所なので歩いているだけで楽しい気分♪
バイト前後にお買い物やお食事も楽しめます◎

●仕事以外でも仲良し
気の合うスタッフ同士で遊びに行ったり、お仕事終わりに飲み会をすることも♪
楽しみながら働いて、プライベートも充実！

もちろんお問い合わせだけでも大歓迎です！
工事経験の有無に関わらず積極的にお話を聞きます！
きっと素敵な経験になりますよ♪",7:00,8:00,1,0,1,,,,large.png,応募待ってます！,,,,,,,,,"ネット応募の場合は、こちらから電話もしくはメールでご連絡させていただきます。
お返事にお時間がかかる場合がありますのでご了承下さい。","販売全般のお仕事をお願いします。
工事もお願いいたします。
応募資格：第二種電気工事士免許をお持ちの方
接客が好きな方、歓迎します！",2,10000,0,0,,,,,,0,,,,,,,0,,,0,,,,,,,,,,,,,,,1,1,0,0,0,0,2,3,0,1,0,1,1,1,1,0,1,平井駅 徒歩6分,販売
hanajima83,1,12,ハナジマでんき83号店,,東京都,江戸川区,,,,,,,,,,,,090-3091-8740,2,月火水木金土日祝,9:00,22:00,,0,3,東京都江戸川区平井4-24-4,,★【第二種電気工事士免許をお持ちの方限定】地元で愛されるでんき屋さんでのお仕事です♪,"●シフトはどんどん相談してください！
行事や家族旅行など、気軽に相談してください☆
プライベートはしっかり充実させます♪

●通勤楽々のお店です☆
駅からすぐなので通勤も楽々♪
にぎわいのある場所なので歩いているだけで楽しい気分♪
バイト前後にお買い物やお食事も楽しめます◎

●仕事以外でも仲良し
気の合うスタッフ同士で遊びに行ったり、お仕事終わりに飲み会をすることも♪
楽しみながら働いて、プライベートも充実！

もちろんお問い合わせだけでも大歓迎です！
工事経験の有無に関わらず積極的にお話を聞きます！
きっと素敵な経験になりますよ♪",7:00,8:00,1,0,1,,,,large.png,応募待ってます！,,,,,,,,,"ネット応募の場合は、こちらから電話もしくはメールでご連絡させていただきます。
お返事にお時間がかかる場合がありますのでご了承下さい。","販売全般のお仕事をお願いします。
工事もお願いいたします。
応募資格：第二種電気工事士免許をお持ちの方
接客が好きな方、歓迎します！",2,10000,0,0,,,,,,0,,,,,,,0,,,0,,,,,,,,,,,,,,,1,1,0,0,0,0,2,3,0,1,0,1,1,1,1,0,1,平井駅 徒歩6分,販売
hanajima84,1,12,ハナジマでんき84号店,,東京都,江戸川区,,,,,,,,,,,,090-3091-8740,2,月火水木金土日祝,9:00,22:00,,0,3,東京都江戸川区平井4-24-4,,★【第二種電気工事士免許をお持ちの方限定】地元で愛されるでんき屋さんでのお仕事です♪,"●シフトはどんどん相談してください！
行事や家族旅行など、気軽に相談してください☆
プライベートはしっかり充実させます♪

●通勤楽々のお店です☆
駅からすぐなので通勤も楽々♪
にぎわいのある場所なので歩いているだけで楽しい気分♪
バイト前後にお買い物やお食事も楽しめます◎

●仕事以外でも仲良し
気の合うスタッフ同士で遊びに行ったり、お仕事終わりに飲み会をすることも♪
楽しみながら働いて、プライベートも充実！

もちろんお問い合わせだけでも大歓迎です！
工事経験の有無に関わらず積極的にお話を聞きます！
きっと素敵な経験になりますよ♪",7:00,8:00,1,0,1,,,,large.png,応募待ってます！,,,,,,,,,"ネット応募の場合は、こちらから電話もしくはメールでご連絡させていただきます。
お返事にお時間がかかる場合がありますのでご了承下さい。","販売全般のお仕事をお願いします。
工事もお願いいたします。
応募資格：第二種電気工事士免許をお持ちの方
接客が好きな方、歓迎します！",2,10000,0,0,,,,,,0,,,,,,,0,,,0,,,,,,,,,,,,,,,1,1,0,0,0,0,2,3,0,1,0,1,1,1,1,0,1,平井駅 徒歩6分,販売
hanajima85,1,12,ハナジマでんき85号店,,東京都,江戸川区,,,,,,,,,,,,090-3091-8740,2,月火水木金土日祝,9:00,22:00,,0,3,東京都江戸川区平井4-24-4,,★【第二種電気工事士免許をお持ちの方限定】地元で愛されるでんき屋さんでのお仕事です♪,"●シフトはどんどん相談してください！
行事や家族旅行など、気軽に相談してください☆
プライベートはしっかり充実させます♪

●通勤楽々のお店です☆
駅からすぐなので通勤も楽々♪
にぎわいのある場所なので歩いているだけで楽しい気分♪
バイト前後にお買い物やお食事も楽しめます◎

●仕事以外でも仲良し
気の合うスタッフ同士で遊びに行ったり、お仕事終わりに飲み会をすることも♪
楽しみながら働いて、プライベートも充実！

もちろんお問い合わせだけでも大歓迎です！
工事経験の有無に関わらず積極的にお話を聞きます！
きっと素敵な経験になりますよ♪",7:00,8:00,1,0,1,,,,large.png,応募待ってます！,,,,,,,,,"ネット応募の場合は、こちらから電話もしくはメールでご連絡させていただきます。
お返事にお時間がかかる場合がありますのでご了承下さい。","販売全般のお仕事をお願いします。
工事もお願いいたします。
応募資格：第二種電気工事士免許をお持ちの方
接客が好きな方、歓迎します！",2,10000,0,0,,,,,,0,,,,,,,0,,,0,,,,,,,,,,,,,,,1,1,0,0,0,0,2,3,0,1,0,1,1,1,1,0,1,平井駅 徒歩6分,販売
hanajima86,1,12,ハナジマでんき86号店,,東京都,江戸川区,,,,,,,,,,,,090-3091-8740,2,月火水木金土日祝,9:00,22:00,,0,3,東京都江戸川区平井4-24-4,,★【第二種電気工事士免許をお持ちの方限定】地元で愛されるでんき屋さんでのお仕事です♪,"●シフトはどんどん相談してください！
行事や家族旅行など、気軽に相談してください☆
プライベートはしっかり充実させます♪

●通勤楽々のお店です☆
駅からすぐなので通勤も楽々♪
にぎわいのある場所なので歩いているだけで楽しい気分♪
バイト前後にお買い物やお食事も楽しめます◎

●仕事以外でも仲良し
気の合うスタッフ同士で遊びに行ったり、お仕事終わりに飲み会をすることも♪
楽しみながら働いて、プライベートも充実！

もちろんお問い合わせだけでも大歓迎です！
工事経験の有無に関わらず積極的にお話を聞きます！
きっと素敵な経験になりますよ♪",7:00,8:00,1,0,1,,,,large.png,応募待ってます！,,,,,,,,,"ネット応募の場合は、こちらから電話もしくはメールでご連絡させていただきます。
お返事にお時間がかかる場合がありますのでご了承下さい。","販売全般のお仕事をお願いします。
工事もお願いいたします。
応募資格：第二種電気工事士免許をお持ちの方
接客が好きな方、歓迎します！",2,10000,0,0,,,,,,0,,,,,,,0,,,0,,,,,,,,,,,,,,,1,1,0,0,0,0,2,3,0,1,0,1,1,1,1,0,1,平井駅 徒歩6分,販売
hanajima87,1,12,ハナジマでんき87号店,,東京都,江戸川区,,,,,,,,,,,,090-3091-8740,2,月火水木金土日祝,9:00,22:00,,0,3,東京都江戸川区平井4-24-4,,★【第二種電気工事士免許をお持ちの方限定】地元で愛されるでんき屋さんでのお仕事です♪,"●シフトはどんどん相談してください！
行事や家族旅行など、気軽に相談してください☆
プライベートはしっかり充実させます♪

●通勤楽々のお店です☆
駅からすぐなので通勤も楽々♪
にぎわいのある場所なので歩いているだけで楽しい気分♪
バイト前後にお買い物やお食事も楽しめます◎

●仕事以外でも仲良し
気の合うスタッフ同士で遊びに行ったり、お仕事終わりに飲み会をすることも♪
楽しみながら働いて、プライベートも充実！

もちろんお問い合わせだけでも大歓迎です！
工事経験の有無に関わらず積極的にお話を聞きます！
きっと素敵な経験になりますよ♪",7:00,8:00,1,0,1,,,,large.png,応募待ってます！,,,,,,,,,"ネット応募の場合は、こちらから電話もしくはメールでご連絡させていただきます。
お返事にお時間がかかる場合がありますのでご了承下さい。","販売全般のお仕事をお願いします。
工事もお願いいたします。
応募資格：第二種電気工事士免許をお持ちの方
接客が好きな方、歓迎します！",2,10000,0,0,,,,,,0,,,,,,,0,,,0,,,,,,,,,,,,,,,1,1,0,0,0,0,2,3,0,1,0,1,1,1,1,0,1,平井駅 徒歩6分,販売
hanajima88,1,12,ハナジマでんき88号店,,東京都,江戸川区,,,,,,,,,,,,090-3091-8740,2,月火水木金土日祝,9:00,22:00,,0,3,東京都江戸川区平井4-24-4,,★【第二種電気工事士免許をお持ちの方限定】地元で愛されるでんき屋さんでのお仕事です♪,"●シフトはどんどん相談してください！
行事や家族旅行など、気軽に相談してください☆
プライベートはしっかり充実させます♪

●通勤楽々のお店です☆
駅からすぐなので通勤も楽々♪
にぎわいのある場所なので歩いているだけで楽しい気分♪
バイト前後にお買い物やお食事も楽しめます◎

●仕事以外でも仲良し
気の合うスタッフ同士で遊びに行ったり、お仕事終わりに飲み会をすることも♪
楽しみながら働いて、プライベートも充実！

もちろんお問い合わせだけでも大歓迎です！
工事経験の有無に関わらず積極的にお話を聞きます！
きっと素敵な経験になりますよ♪",7:00,8:00,1,0,1,,,,large.png,応募待ってます！,,,,,,,,,"ネット応募の場合は、こちらから電話もしくはメールでご連絡させていただきます。
お返事にお時間がかかる場合がありますのでご了承下さい。","販売全般のお仕事をお願いします。
工事もお願いいたします。
応募資格：第二種電気工事士免許をお持ちの方
接客が好きな方、歓迎します！",2,10000,0,0,,,,,,0,,,,,,,0,,,0,,,,,,,,,,,,,,,1,1,0,0,0,0,2,3,0,1,0,1,1,1,1,0,1,平井駅 徒歩6分,販売
hanajima89,1,12,ハナジマでんき89号店,,東京都,江戸川区,,,,,,,,,,,,090-3091-8740,2,月火水木金土日祝,9:00,22:00,,0,3,東京都江戸川区平井4-24-4,,★【第二種電気工事士免許をお持ちの方限定】地元で愛されるでんき屋さんでのお仕事です♪,"●シフトはどんどん相談してください！
行事や家族旅行など、気軽に相談してください☆
プライベートはしっかり充実させます♪

●通勤楽々のお店です☆
駅からすぐなので通勤も楽々♪
にぎわいのある場所なので歩いているだけで楽しい気分♪
バイト前後にお買い物やお食事も楽しめます◎

●仕事以外でも仲良し
気の合うスタッフ同士で遊びに行ったり、お仕事終わりに飲み会をすることも♪
楽しみながら働いて、プライベートも充実！

もちろんお問い合わせだけでも大歓迎です！
工事経験の有無に関わらず積極的にお話を聞きます！
きっと素敵な経験になりますよ♪",7:00,8:00,1,0,1,,,,large.png,応募待ってます！,,,,,,,,,"ネット応募の場合は、こちらから電話もしくはメールでご連絡させていただきます。
お返事にお時間がかかる場合がありますのでご了承下さい。","販売全般のお仕事をお願いします。
工事もお願いいたします。
応募資格：第二種電気工事士免許をお持ちの方
接客が好きな方、歓迎します！",2,10000,0,0,,,,,,0,,,,,,,0,,,0,,,,,,,,,,,,,,,1,1,0,0,0,0,2,3,0,1,0,1,1,1,1,0,1,平井駅 徒歩6分,販売
hanajima90,1,12,ハナジマでんき90号店,,東京都,江戸川区,,,,,,,,,,,,090-3091-8740,2,月火水木金土日祝,9:00,22:00,,0,3,東京都江戸川区平井4-24-4,,★【第二種電気工事士免許をお持ちの方限定】地元で愛されるでんき屋さんでのお仕事です♪,"●シフトはどんどん相談してください！
行事や家族旅行など、気軽に相談してください☆
プライベートはしっかり充実させます♪

●通勤楽々のお店です☆
駅からすぐなので通勤も楽々♪
にぎわいのある場所なので歩いているだけで楽しい気分♪
バイト前後にお買い物やお食事も楽しめます◎

●仕事以外でも仲良し
気の合うスタッフ同士で遊びに行ったり、お仕事終わりに飲み会をすることも♪
楽しみながら働いて、プライベートも充実！

もちろんお問い合わせだけでも大歓迎です！
工事経験の有無に関わらず積極的にお話を聞きます！
きっと素敵な経験になりますよ♪",7:00,8:00,1,0,1,,,,large.png,応募待ってます！,,,,,,,,,"ネット応募の場合は、こちらから電話もしくはメールでご連絡させていただきます。
お返事にお時間がかかる場合がありますのでご了承下さい。","販売全般のお仕事をお願いします。
工事もお願いいたします。
応募資格：第二種電気工事士免許をお持ちの方
接客が好きな方、歓迎します！",2,10000,0,0,,,,,,0,,,,,,,0,,,0,,,,,,,,,,,,,,,1,1,0,0,0,0,2,3,0,1,0,1,1,1,1,0,1,平井駅 徒歩6分,販売
hanajima91,1,12,ハナジマでんき91号店,,東京都,江戸川区,,,,,,,,,,,,090-3091-8740,2,月火水木金土日祝,9:00,22:00,,0,3,東京都江戸川区平井4-24-4,,★【第二種電気工事士免許をお持ちの方限定】地元で愛されるでんき屋さんでのお仕事です♪,"●シフトはどんどん相談してください！
行事や家族旅行など、気軽に相談してください☆
プライベートはしっかり充実させます♪

●通勤楽々のお店です☆
駅からすぐなので通勤も楽々♪
にぎわいのある場所なので歩いているだけで楽しい気分♪
バイト前後にお買い物やお食事も楽しめます◎

●仕事以外でも仲良し
気の合うスタッフ同士で遊びに行ったり、お仕事終わりに飲み会をすることも♪
楽しみながら働いて、プライベートも充実！

もちろんお問い合わせだけでも大歓迎です！
工事経験の有無に関わらず積極的にお話を聞きます！
きっと素敵な経験になりますよ♪",7:00,8:00,1,0,1,,,,large.png,応募待ってます！,,,,,,,,,"ネット応募の場合は、こちらから電話もしくはメールでご連絡させていただきます。
お返事にお時間がかかる場合がありますのでご了承下さい。","販売全般のお仕事をお願いします。
工事もお願いいたします。
応募資格：第二種電気工事士免許をお持ちの方
接客が好きな方、歓迎します！",2,10000,0,0,,,,,,0,,,,,,,0,,,0,,,,,,,,,,,,,,,1,1,0,0,0,0,2,3,0,1,0,1,1,1,1,0,1,平井駅 徒歩6分,販売
hanajima92,1,12,ハナジマでんき92号店,,東京都,江戸川区,,,,,,,,,,,,090-3091-8740,2,月火水木金土日祝,9:00,22:00,,0,3,東京都江戸川区平井4-24-4,,★【第二種電気工事士免許をお持ちの方限定】地元で愛されるでんき屋さんでのお仕事です♪,"●シフトはどんどん相談してください！
行事や家族旅行など、気軽に相談してください☆
プライベートはしっかり充実させます♪

●通勤楽々のお店です☆
駅からすぐなので通勤も楽々♪
にぎわいのある場所なので歩いているだけで楽しい気分♪
バイト前後にお買い物やお食事も楽しめます◎

●仕事以外でも仲良し
気の合うスタッフ同士で遊びに行ったり、お仕事終わりに飲み会をすることも♪
楽しみながら働いて、プライベートも充実！

もちろんお問い合わせだけでも大歓迎です！
工事経験の有無に関わらず積極的にお話を聞きます！
きっと素敵な経験になりますよ♪",7:00,8:00,1,0,1,,,,large.png,応募待ってます！,,,,,,,,,"ネット応募の場合は、こちらから電話もしくはメールでご連絡させていただきます。
お返事にお時間がかかる場合がありますのでご了承下さい。","販売全般のお仕事をお願いします。
工事もお願いいたします。
応募資格：第二種電気工事士免許をお持ちの方
接客が好きな方、歓迎します！",2,10000,0,0,,,,,,0,,,,,,,0,,,0,,,,,,,,,,,,,,,1,1,0,0,0,0,2,3,0,1,0,1,1,1,1,0,1,平井駅 徒歩6分,販売
hanajima93,1,12,ハナジマでんき93号店,,東京都,江戸川区,,,,,,,,,,,,090-3091-8740,2,月火水木金土日祝,9:00,22:00,,0,3,東京都江戸川区平井4-24-4,,★【第二種電気工事士免許をお持ちの方限定】地元で愛されるでんき屋さんでのお仕事です♪,"●シフトはどんどん相談してください！
行事や家族旅行など、気軽に相談してください☆
プライベートはしっかり充実させます♪

●通勤楽々のお店です☆
駅からすぐなので通勤も楽々♪
にぎわいのある場所なので歩いているだけで楽しい気分♪
バイト前後にお買い物やお食事も楽しめます◎

●仕事以外でも仲良し
気の合うスタッフ同士で遊びに行ったり、お仕事終わりに飲み会をすることも♪
楽しみながら働いて、プライベートも充実！

もちろんお問い合わせだけでも大歓迎です！
工事経験の有無に関わらず積極的にお話を聞きます！
きっと素敵な経験になりますよ♪",7:00,8:00,1,0,1,,,,large.png,応募待ってます！,,,,,,,,,"ネット応募の場合は、こちらから電話もしくはメールでご連絡させていただきます。
お返事にお時間がかかる場合がありますのでご了承下さい。","販売全般のお仕事をお願いします。
工事もお願いいたします。
応募資格：第二種電気工事士免許をお持ちの方
接客が好きな方、歓迎します！",2,10000,0,0,,,,,,0,,,,,,,0,,,0,,,,,,,,,,,,,,,1,1,0,0,0,0,2,3,0,1,0,1,1,1,1,0,1,平井駅 徒歩6分,販売
hanajima94,1,12,ハナジマでんき94号店,,東京都,江戸川区,,,,,,,,,,,,090-3091-8740,2,月火水木金土日祝,9:00,22:00,,0,3,東京都江戸川区平井4-24-4,,★【第二種電気工事士免許をお持ちの方限定】地元で愛されるでんき屋さんでのお仕事です♪,"●シフトはどんどん相談してください！
行事や家族旅行など、気軽に相談してください☆
プライベートはしっかり充実させます♪

●通勤楽々のお店です☆
駅からすぐなので通勤も楽々♪
にぎわいのある場所なので歩いているだけで楽しい気分♪
バイト前後にお買い物やお食事も楽しめます◎

●仕事以外でも仲良し
気の合うスタッフ同士で遊びに行ったり、お仕事終わりに飲み会をすることも♪
楽しみながら働いて、プライベートも充実！

もちろんお問い合わせだけでも大歓迎です！
工事経験の有無に関わらず積極的にお話を聞きます！
きっと素敵な経験になりますよ♪",7:00,8:00,1,0,1,,,,large.png,応募待ってます！,,,,,,,,,"ネット応募の場合は、こちらから電話もしくはメールでご連絡させていただきます。
お返事にお時間がかかる場合がありますのでご了承下さい。","販売全般のお仕事をお願いします。
工事もお願いいたします。
応募資格：第二種電気工事士免許をお持ちの方
接客が好きな方、歓迎します！",2,10000,0,0,,,,,,0,,,,,,,0,,,0,,,,,,,,,,,,,,,1,1,0,0,0,0,2,3,0,1,0,1,1,1,1,0,1,平井駅 徒歩6分,販売
hanajima95,1,12,ハナジマでんき95号店,,東京都,江戸川区,,,,,,,,,,,,090-3091-8740,2,月火水木金土日祝,9:00,22:00,,0,3,東京都江戸川区平井4-24-4,,★【第二種電気工事士免許をお持ちの方限定】地元で愛されるでんき屋さんでのお仕事です♪,"●シフトはどんどん相談してください！
行事や家族旅行など、気軽に相談してください☆
プライベートはしっかり充実させます♪

●通勤楽々のお店です☆
駅からすぐなので通勤も楽々♪
にぎわいのある場所なので歩いているだけで楽しい気分♪
バイト前後にお買い物やお食事も楽しめます◎

●仕事以外でも仲良し
気の合うスタッフ同士で遊びに行ったり、お仕事終わりに飲み会をすることも♪
楽しみながら働いて、プライベートも充実！

もちろんお問い合わせだけでも大歓迎です！
工事経験の有無に関わらず積極的にお話を聞きます！
きっと素敵な経験になりますよ♪",7:00,8:00,1,0,1,,,,large.png,応募待ってます！,,,,,,,,,"ネット応募の場合は、こちらから電話もしくはメールでご連絡させていただきます。
お返事にお時間がかかる場合がありますのでご了承下さい。","販売全般のお仕事をお願いします。
工事もお願いいたします。
応募資格：第二種電気工事士免許をお持ちの方
接客が好きな方、歓迎します！",2,10000,0,0,,,,,,0,,,,,,,0,,,0,,,,,,,,,,,,,,,1,1,0,0,0,0,2,3,0,1,0,1,1,1,1,0,1,平井駅 徒歩6分,販売
hanajima96,1,12,ハナジマでんき96号店,,東京都,江戸川区,,,,,,,,,,,,090-3091-8740,2,月火水木金土日祝,9:00,22:00,,0,3,東京都江戸川区平井4-24-4,,★【第二種電気工事士免許をお持ちの方限定】地元で愛されるでんき屋さんでのお仕事です♪,"●シフトはどんどん相談してください！
行事や家族旅行など、気軽に相談してください☆
プライベートはしっかり充実させます♪

●通勤楽々のお店です☆
駅からすぐなので通勤も楽々♪
にぎわいのある場所なので歩いているだけで楽しい気分♪
バイト前後にお買い物やお食事も楽しめます◎

●仕事以外でも仲良し
気の合うスタッフ同士で遊びに行ったり、お仕事終わりに飲み会をすることも♪
楽しみながら働いて、プライベートも充実！

もちろんお問い合わせだけでも大歓迎です！
工事経験の有無に関わらず積極的にお話を聞きます！
きっと素敵な経験になりますよ♪",7:00,8:00,1,0,1,,,,large.png,応募待ってます！,,,,,,,,,"ネット応募の場合は、こちらから電話もしくはメールでご連絡させていただきます。
お返事にお時間がかかる場合がありますのでご了承下さい。","販売全般のお仕事をお願いします。
工事もお願いいたします。
応募資格：第二種電気工事士免許をお持ちの方
接客が好きな方、歓迎します！",2,10000,0,0,,,,,,0,,,,,,,0,,,0,,,,,,,,,,,,,,,1,1,0,0,0,0,2,3,0,1,0,1,1,1,1,0,1,平井駅 徒歩6分,販売
hanajima97,1,12,ハナジマでんき97号店,,東京都,江戸川区,,,,,,,,,,,,090-3091-8740,2,月火水木金土日祝,9:00,22:00,,0,3,東京都江戸川区平井4-24-4,,★【第二種電気工事士免許をお持ちの方限定】地元で愛されるでんき屋さんでのお仕事です♪,"●シフトはどんどん相談してください！
行事や家族旅行など、気軽に相談してください☆
プライベートはしっかり充実させます♪

●通勤楽々のお店です☆
駅からすぐなので通勤も楽々♪
にぎわいのある場所なので歩いているだけで楽しい気分♪
バイト前後にお買い物やお食事も楽しめます◎

●仕事以外でも仲良し
気の合うスタッフ同士で遊びに行ったり、お仕事終わりに飲み会をすることも♪
楽しみながら働いて、プライベートも充実！

もちろんお問い合わせだけでも大歓迎です！
工事経験の有無に関わらず積極的にお話を聞きます！
きっと素敵な経験になりますよ♪",7:00,8:00,1,0,1,,,,large.png,応募待ってます！,,,,,,,,,"ネット応募の場合は、こちらから電話もしくはメールでご連絡させていただきます。
お返事にお時間がかかる場合がありますのでご了承下さい。","販売全般のお仕事をお願いします。
工事もお願いいたします。
応募資格：第二種電気工事士免許をお持ちの方
接客が好きな方、歓迎します！",2,10000,0,0,,,,,,0,,,,,,,0,,,0,,,,,,,,,,,,,,,1,1,0,0,0,0,2,3,0,1,0,1,1,1,1,0,1,平井駅 徒歩6分,販売
hanajima98,1,12,ハナジマでんき98号店,,東京都,江戸川区,,,,,,,,,,,,090-3091-8740,2,月火水木金土日祝,9:00,22:00,,0,3,東京都江戸川区平井4-24-4,,★【第二種電気工事士免許をお持ちの方限定】地元で愛されるでんき屋さんでのお仕事です♪,"●シフトはどんどん相談してください！
行事や家族旅行など、気軽に相談してください☆
プライベートはしっかり充実させます♪

●通勤楽々のお店です☆
駅からすぐなので通勤も楽々♪
にぎわいのある場所なので歩いているだけで楽しい気分♪
バイト前後にお買い物やお食事も楽しめます◎

●仕事以外でも仲良し
気の合うスタッフ同士で遊びに行ったり、お仕事終わりに飲み会をすることも♪
楽しみながら働いて、プライベートも充実！

もちろんお問い合わせだけでも大歓迎です！
工事経験の有無に関わらず積極的にお話を聞きます！
きっと素敵な経験になりますよ♪",7:00,8:00,1,0,1,,,,large.png,応募待ってます！,,,,,,,,,"ネット応募の場合は、こちらから電話もしくはメールでご連絡させていただきます。
お返事にお時間がかかる場合がありますのでご了承下さい。","販売全般のお仕事をお願いします。
工事もお願いいたします。
応募資格：第二種電気工事士免許をお持ちの方
接客が好きな方、歓迎します！",2,10000,0,0,,,,,,0,,,,,,,0,,,0,,,,,,,,,,,,,,,1,1,0,0,0,0,2,3,0,1,0,1,1,1,1,0,1,平井駅 徒歩6分,販売
hanajima99,1,12,ハナジマでんき99号店,,東京都,江戸川区,,,,,,,,,,,,090-3091-8740,2,月火水木金土日祝,9:00,22:00,,0,3,東京都江戸川区平井4-24-4,,★【第二種電気工事士免許をお持ちの方限定】地元で愛されるでんき屋さんでのお仕事です♪,"●シフトはどんどん相談してください！
行事や家族旅行など、気軽に相談してください☆
プライベートはしっかり充実させます♪

●通勤楽々のお店です☆
駅からすぐなので通勤も楽々♪
にぎわいのある場所なので歩いているだけで楽しい気分♪
バイト前後にお買い物やお食事も楽しめます◎

●仕事以外でも仲良し
気の合うスタッフ同士で遊びに行ったり、お仕事終わりに飲み会をすることも♪
楽しみながら働いて、プライベートも充実！

もちろんお問い合わせだけでも大歓迎です！
工事経験の有無に関わらず積極的にお話を聞きます！
きっと素敵な経験になりますよ♪",7:00,8:00,1,0,1,,,,large.png,応募待ってます！,,,,,,,,,"ネット応募の場合は、こちらから電話もしくはメールでご連絡させていただきます。
お返事にお時間がかかる場合がありますのでご了承下さい。","販売全般のお仕事をお願いします。
工事もお願いいたします。
応募資格：第二種電気工事士免許をお持ちの方
接客が好きな方、歓迎します！",2,10000,0,0,,,,,,0,,,,,,,0,,,0,,,,,,,,,,,,,,,1,1,0,0,0,0,2,3,0,1,0,1,1,1,1,0,1,平井駅 徒歩6分,販売
hanajima100,1,12,ハナジマでんき100号店,,東京都,江戸川区,,,,,,,,,,,,090-3091-8740,2,月火水木金土日祝,9:00,22:00,,0,3,東京都江戸川区平井4-24-4,,★【第二種電気工事士免許をお持ちの方限定】地元で愛されるでんき屋さんでのお仕事です♪,"●シフトはどんどん相談してください！
行事や家族旅行など、気軽に相談してください☆
プライベートはしっかり充実させます♪

●通勤楽々のお店です☆
駅からすぐなので通勤も楽々♪
にぎわいのある場所なので歩いているだけで楽しい気分♪
バイト前後にお買い物やお食事も楽しめます◎

●仕事以外でも仲良し
気の合うスタッフ同士で遊びに行ったり、お仕事終わりに飲み会をすることも♪
楽しみながら働いて、プライベートも充実！

もちろんお問い合わせだけでも大歓迎です！
工事経験の有無に関わらず積極的にお話を聞きます！
きっと素敵な経験になりますよ♪",7:00,8:00,1,0,1,,,,large.png,応募待ってます！,,,,,,,,,"ネット応募の場合は、こちらから電話もしくはメールでご連絡させていただきます。
お返事にお時間がかかる場合がありますのでご了承下さい。","販売全般のお仕事をお願いします。
工事もお願いいたします。
応募資格：第二種電気工事士免許をお持ちの方
接客が好きな方、歓迎します！",2,10000,0,0,,,,,,0,,,,,,,0,,,0,,,,,,,,,,,,,,,1,1,0,0,0,0,2,3,0,1,0,1,1,1,1,0,1,平井駅 徒歩6分,販売
